orb_minutes,atr_multiplier,volume_pct,fvg_min_pct,profit_r,trades,win_rate,avg_win,avg_loss,profit_factor,total_pnl,sharpe,max_drawdown
5,2.0,1.75,0.003,3.0,4,0.75,3077.4,-1060.25,8.708,8171.96,77.952,-0.01
10,2.0,1.75,0.003,3.0,4,0.75,3077.4,-1060.25,8.708,8171.96,77.952,-0.01
15,2.0,1.75,0.003,3.0,4,0.75,3077.4,-1060.25,8.708,8171.96,77.952,-0.01
20,2.0,1.25,0.003,3.0,4,0.75,3077.4,-1060.25,8.708,8171.96,77.952,-0.01
20,2.0,1.5,0.003,3.0,4,0.75,3077.4,-1060.25,8.708,8171.96,77.952,-0.01
20,2.0,1.75,0.003,3.0,4,0.75,3077.4,-1060.25,8.708,8171.96,77.952,-0.01
5,2.0,1.75,0.003,2.5,4,0.75,2552.76,-1049.41,7.298,6608.87,61.794,-0.01
10,2.0,1.75,0.003,2.5,4,0.75,2552.76,-1049.41,7.298,6608.87,61.794,-0.01
15,2.0,1.75,0.003,2.5,4,0.75,2552.76,-1049.41,7.298,6608.87,61.794,-0.01
20,2.0,1.25,0.003,2.5,4,0.75,2552.76,-1049.41,7.298,6608.87,61.794,-0.01
20,2.0,1.5,0.003,2.5,4,0.75,2552.76,-1049.41,7.298,6608.87,61.794,-0.01
20,2.0,1.75,0.003,2.5,4,0.75,2552.76,-1049.41,7.298,6608.87,61.794,-0.01
5,2.0,1.75,0.003,2.0,4,0.75,2030.89,-1038.56,5.866,5054.1,46.309,-0.01
10,2.0,1.75,0.003,2.0,4,0.75,2030.89,-1038.56,5.866,5054.1,46.309,-0.01
15,2.0,1.75,0.003,2.0,4,0.75,2030.89,-1038.56,5.866,5054.1,46.309,-0.01
20,2.0,1.25,0.003,2.0,4,0.75,2030.89,-1038.56,5.866,5054.1,46.309,-0.01
20,2.0,1.5,0.003,2.0,4,0.75,2030.89,-1038.56,5.866,5054.1,46.309,-0.01
20,2.0,1.75,0.003,2.0,4,0.75,2030.89,-1038.56,5.866,5054.1,46.309,-0.01
5,2.0,1.75,0.003,1.5,4,0.75,1516.8,-1027.71,4.428,3522.68,32.007,-0.01
10,2.0,1.75,0.003,1.5,4,0.75,1516.8,-1027.71,4.428,3522.68,32.007,-0.01
15,2.0,1.75,0.003,1.5,4,0.75,1516.8,-1027.71,4.428,3522.68,32.007,-0.01
20,2.0,1.25,0.003,1.5,4,0.75,1516.8,-1027.71,4.428,3522.68,32.007,-0.01
20,2.0,1.5,0.003,1.5,4,0.75,1516.8,-1027.71,4.428,3522.68,32.007,-0.01
20,2.0,1.75,0.003,1.5,4,0.75,1516.8,-1027.71,4.428,3522.68,32.007,-0.01
20,2.0,1.75,0.002,3.0,11,0.7273,3298.24,-1159.25,7.587,22908.17,19.831,-0.01
20,2.0,1.75,0.002,2.5,12,0.75,2734.4,-1148.58,7.142,21163.86,17.241,-0.01
20,2.0,1.75,0.002,2.0,12,0.75,2144.02,-1115.03,5.768,15951.05,15.661,-0.01
5,2.0,1.75,0.002,3.0,13,0.6154,3258.61,-1122.52,4.645,20456.28,15.128,-0.0199
10,2.0,1.75,0.002,3.0,13,0.6154,3258.61,-1122.52,4.645,20456.28,15.128,-0.0199
15,2.0,1.75,0.002,3.0,13,0.6154,3258.61,-1122.52,4.645,20456.28,15.128,-0.0199
5,2.0,1.25,0.003,3.0,5,0.6,3055.0,-1039.12,4.41,7086.75,14.635,-0.01
5,2.0,1.5,0.003,3.0,5,0.6,3055.0,-1039.12,4.41,7086.75,14.635,-0.01
10,2.0,1.25,0.003,3.0,5,0.6,3055.0,-1039.12,4.41,7086.75,14.635,-0.01
10,2.0,1.5,0.003,3.0,5,0.6,3055.0,-1039.12,4.41,7086.75,14.635,-0.01
15,2.0,1.25,0.003,3.0,5,0.6,3055.0,-1039.12,4.41,7086.75,14.635,-0.01
15,2.0,1.5,0.003,3.0,5,0.6,3055.0,-1039.12,4.41,7086.75,14.635,-0.01
20,2.0,1.0,0.003,3.0,5,0.6,3055.0,-1039.42,4.409,7086.15,14.631,-0.01
20,2.5,1.75,0.002,3.0,10,0.7,3257.04,-1158.53,6.56,19323.69,14.344,-0.01
20,3.0,1.75,0.002,3.0,10,0.7,3257.4,-1159.45,6.555,19323.44,14.34,-0.01
5,2.0,1.75,0.002,2.5,13,0.6923,2715.69,-1121.35,5.449,19955.8,13.928,-0.0199
10,2.0,1.75,0.002,2.5,13,0.6923,2715.69,-1121.35,5.449,19955.8,13.928,-0.0199
15,2.0,1.75,0.002,2.5,13,0.6923,2715.69,-1121.35,5.449,19955.8,13.928,-0.0199
20,2.0,1.75,0.002,1.5,13,0.7692,1588.09,-1093.18,4.842,12601.35,13.601,-0.01
20,2.5,1.75,0.002,2.5,10,0.7,2673.56,-1128.35,5.529,15329.89,13.23,-0.01
20,3.0,1.75,0.002,2.5,10,0.7,2673.49,-1128.96,5.526,15327.56,13.226,-0.01
20,2.0,1.0,0.003,2.5,5,0.6,2535.22,-1029.96,3.692,5545.74,13.171,-0.01
5,2.0,1.25,0.003,2.5,5,0.6,2535.22,-1031.2,3.688,5543.25,13.155,-0.01
5,2.0,1.5,0.003,2.5,5,0.6,2535.22,-1031.2,3.688,5543.25,13.155,-0.01
10,2.0,1.25,0.003,2.5,5,0.6,2535.22,-1031.2,3.688,5543.25,13.155,-0.01
10,2.0,1.5,0.003,2.5,5,0.6,2535.22,-1031.2,3.688,5543.25,13.155,-0.01
15,2.0,1.25,0.003,2.5,5,0.6,2535.22,-1031.2,3.688,5543.25,13.155,-0.01
15,2.0,1.5,0.003,2.5,5,0.6,2535.22,-1031.2,3.688,5543.25,13.155,-0.01
20,1.0,1.75,0.002,2.0,13,0.6923,2147.23,-1131.98,4.268,14797.14,12.563,-0.0199
5,2.0,1.75,0.002,2.0,13,0.6923,2129.25,-1092.7,4.384,14792.43,12.436,-0.0199
10,2.0,1.75,0.002,2.0,13,0.6923,2129.25,-1092.7,4.384,14792.43,12.436,-0.0199
15,2.0,1.75,0.002,2.0,13,0.6923,2129.25,-1092.7,4.384,14792.43,12.436,-0.0199
20,1.5,1.75,0.002,3.0,12,0.6667,3307.0,-1194.64,5.536,21677.45,12.227,-0.0199
20,2.0,1.5,0.002,3.0,14,0.5714,3262.55,-1141.53,3.811,19251.21,12.096,-0.0199
5,3.0,1.75,0.002,3.0,11,0.6364,3237.51,-1133.3,4.999,18129.38,11.842,-0.0199
10,3.0,1.75,0.002,3.0,11,0.6364,3237.51,-1133.3,4.999,18129.38,11.842,-0.0199
15,3.0,1.75,0.002,3.0,11,0.6364,3237.51,-1133.3,4.999,18129.38,11.842,-0.0199
5,2.5,1.75,0.002,3.0,11,0.6364,3238.0,-1133.92,4.997,18130.32,11.84,-0.0199
10,2.5,1.75,0.002,3.0,11,0.6364,3238.0,-1133.92,4.997,18130.32,11.84,-0.0199
15,2.5,1.75,0.002,3.0,11,0.6364,3238.0,-1133.92,4.997,18130.32,11.84,-0.0199
20,2.5,1.75,0.002,2.0,11,0.7273,2128.11,-1114.27,5.093,13682.06,11.838,-0.01
20,1.0,1.75,0.002,3.0,13,0.6154,3302.95,-1191.82,4.434,20464.52,11.744,-0.0199
20,3.0,1.75,0.002,2.0,10,0.7,2107.04,-1099.09,4.473,11451.99,11.729,-0.01
5,2.5,1.75,0.003,3.0,3,0.6667,3043.59,-1057.54,5.756,5029.63,11.238,-0.01
10,2.5,1.75,0.003,3.0,3,0.6667,3043.59,-1057.54,5.756,5029.63,11.238,-0.01
15,2.5,1.75,0.003,3.0,3,0.6667,3043.59,-1057.54,5.756,5029.63,11.238,-0.01
20,2.5,1.25,0.003,3.0,3,0.6667,3043.59,-1057.54,5.756,5029.63,11.238,-0.01
20,2.5,1.5,0.003,3.0,3,0.6667,3043.59,-1057.54,5.756,5029.63,11.238,-0.01
20,2.5,1.75,0.003,3.0,3,0.6667,3043.59,-1057.54,5.756,5029.63,11.238,-0.01
5,3.0,1.75,0.003,3.0,3,0.6667,3042.56,-1057.54,5.754,5027.58,11.236,-0.01
10,3.0,1.75,0.003,3.0,3,0.6667,3042.56,-1057.54,5.754,5027.58,11.236,-0.01
15,3.0,1.75,0.003,3.0,3,0.6667,3042.56,-1057.54,5.754,5027.58,11.236,-0.01
20,3.0,1.25,0.003,3.0,3,0.6667,3042.56,-1057.54,5.754,5027.58,11.236,-0.01
20,3.0,1.5,0.003,3.0,3,0.6667,3042.56,-1057.54,5.754,5027.58,11.236,-0.01
20,3.0,1.75,0.003,3.0,3,0.6667,3042.56,-1057.54,5.754,5027.58,11.236,-0.01
20,1.5,1.75,0.002,2.5,12,0.6667,2707.26,-1156.94,4.68,17030.35,11.192,-0.0199
20,2.0,1.0,0.003,2.0,5,0.6,2016.85,-1022.52,2.959,4005.53,11.145,-0.01
5,2.0,1.25,0.003,2.0,5,0.6,2016.85,-1023.28,2.956,4003.99,11.135,-0.01
5,2.0,1.5,0.003,2.0,5,0.6,2016.85,-1023.28,2.956,4003.99,11.135,-0.01
10,2.0,1.25,0.003,2.0,5,0.6,2016.85,-1023.28,2.956,4003.99,11.135,-0.01
10,2.0,1.5,0.003,2.0,5,0.6,2016.85,-1023.28,2.956,4003.99,11.135,-0.01
15,2.0,1.25,0.003,2.0,5,0.6,2016.85,-1023.28,2.956,4003.99,11.135,-0.01
15,2.0,1.5,0.003,2.0,5,0.6,2016.85,-1023.28,2.956,4003.99,11.135,-0.01
5,3.0,1.75,0.002,2.5,11,0.6364,2657.6,-1107.02,4.201,14175.11,10.758,-0.0199
10,3.0,1.75,0.002,2.5,11,0.6364,2657.6,-1107.02,4.201,14175.11,10.758,-0.0199
15,3.0,1.75,0.002,2.5,11,0.6364,2657.6,-1107.02,4.201,14175.11,10.758,-0.0199
5,2.0,1.75,0.002,1.5,14,0.7143,1576.72,-1073.03,3.674,11475.11,10.71,-0.0199
10,2.0,1.75,0.002,1.5,14,0.7143,1576.72,-1073.03,3.674,11475.11,10.71,-0.0199
15,2.0,1.75,0.002,1.5,14,0.7143,1576.72,-1073.03,3.674,11475.11,10.71,-0.0199
20,2.0,1.5,0.002,2.5,15,0.6,2709.09,-1135.46,3.579,17569.1,10.677,-0.0199
20,1.0,1.75,0.002,2.5,13,0.6154,2704.24,-1153.79,3.75,15864.97,10.611,-0.0199
5,1.5,1.75,0.002,3.0,13,0.6154,3285.7,-1164.44,4.515,20463.38,10.465,-0.0199
10,1.5,1.75,0.002,3.0,13,0.6154,3285.7,-1164.44,4.515,20463.38,10.465,-0.0199
15,1.5,1.75,0.002,3.0,13,0.6154,3285.7,-1164.44,4.515,20463.38,10.465,-0.0199
5,2.5,1.75,0.003,2.5,3,0.6667,2529.96,-1047.37,4.831,4012.55,10.279,-0.01
10,2.5,1.75,0.003,2.5,3,0.6667,2529.96,-1047.37,4.831,4012.55,10.279,-0.01
15,2.5,1.75,0.003,2.5,3,0.6667,2529.96,-1047.37,4.831,4012.55,10.279,-0.01
20,2.5,1.25,0.003,2.5,3,0.6667,2529.96,-1047.37,4.831,4012.55,10.279,-0.01
20,2.5,1.5,0.003,2.5,3,0.6667,2529.96,-1047.37,4.831,4012.55,10.279,-0.01
20,2.5,1.75,0.003,2.5,3,0.6667,2529.96,-1047.37,4.831,4012.55,10.279,-0.01
5,1.0,1.75,0.002,2.0,14,0.6429,2132.51,-1108.69,3.462,13649.15,10.278,-0.0199
10,1.0,1.75,0.002,2.0,14,0.6429,2132.51,-1108.69,3.462,13649.15,10.278,-0.0199
15,1.0,1.75,0.002,2.0,14,0.6429,2132.51,-1108.69,3.462,13649.15,10.278,-0.0199
20,2.0,1.25,0.002,3.0,15,0.5333,3249.54,-1134.0,3.275,18058.35,10.272,-0.0199
5,3.0,1.75,0.003,2.5,3,0.6667,2527.84,-1049.41,4.818,4006.27,10.263,-0.01
10,3.0,1.75,0.003,2.5,3,0.6667,2527.84,-1049.41,4.818,4006.27,10.263,-0.01
15,3.0,1.75,0.003,2.5,3,0.6667,2527.84,-1049.41,4.818,4006.27,10.263,-0.01
20,3.0,1.25,0.003,2.5,3,0.6667,2527.84,-1049.41,4.818,4006.27,10.263,-0.01
20,3.0,1.5,0.003,2.5,3,0.6667,2527.84,-1049.41,4.818,4006.27,10.263,-0.01
20,3.0,1.75,0.003,2.5,3,0.6667,2527.84,-1049.41,4.818,4006.27,10.263,-0.01
5,2.5,1.75,0.002,2.5,12,0.5833,2646.26,-1097.21,3.377,13037.75,10.212,-0.0199
10,2.5,1.75,0.002,2.5,12,0.5833,2646.26,-1097.21,3.377,13037.75,10.212,-0.0199
15,2.5,1.75,0.002,2.5,12,0.5833,2646.26,-1097.21,3.377,13037.75,10.212,-0.0199
20,1.0,1.75,0.002,1.5,13,0.6923,1578.23,-1093.05,3.249,9831.85,10.13,-0.0199
20,1.5,1.75,0.002,1.5,13,0.6923,1578.03,-1093.29,3.248,9829.11,10.125,-0.0199
20,2.5,1.75,0.002,1.5,11,0.7273,1568.16,-1081.42,3.867,9301.0,10.047,-0.01
5,1.0,1.75,0.002,3.0,14,0.5714,3281.49,-1165.32,3.755,19260.03,10.044,-0.0199
10,1.0,1.75,0.002,3.0,14,0.5714,3281.49,-1165.32,3.755,19260.03,10.044,-0.0199
15,1.0,1.75,0.002,3.0,14,0.5714,3281.49,-1165.32,3.755,19260.03,10.044,-0.0199
20,3.0,1.75,0.002,1.5,11,0.7273,1567.54,-1081.54,3.865,9295.67,10.043,-0.01
5,2.5,1.75,0.002,2.0,12,0.6667,2114.07,-1092.69,3.869,12541.83,9.661,-0.0199
10,2.5,1.75,0.002,2.0,12,0.6667,2114.07,-1092.69,3.869,12541.83,9.661,-0.0199
15,2.5,1.75,0.002,2.0,12,0.6667,2114.07,-1092.69,3.869,12541.83,9.661,-0.0199
5,1.5,1.75,0.002,2.5,13,0.6154,2690.23,-1131.61,3.804,15863.77,9.458,-0.0199
10,1.5,1.75,0.002,2.5,13,0.6154,2690.23,-1131.61,3.804,15863.77,9.458,-0.0199
15,1.5,1.75,0.002,2.5,13,0.6154,2690.23,-1131.61,3.804,15863.77,9.458,-0.0199
5,2.0,1.0,0.003,3.0,6,0.5,3036.83,-1028.23,2.953,6025.8,9.233,-0.0199
10,2.0,1.0,0.003,3.0,6,0.5,3036.83,-1028.23,2.953,6025.8,9.233,-0.0199
15,2.0,1.0,0.003,3.0,6,0.5,3036.83,-1028.23,2.953,6025.8,9.233,-0.0199
20,2.0,1.25,0.002,2.5,16,0.5625,2699.46,-1128.62,3.075,16394.81,9.1,-0.0199
20,1.5,1.75,0.002,2.0,13,0.6154,2125.21,-1116.42,3.046,11419.6,9.081,-0.0202
20,2.0,1.5,0.002,2.0,15,0.6,2123.77,-1101.23,2.893,12506.58,9.078,-0.0199
5,2.5,1.75,0.003,2.0,3,0.6667,2018.88,-1037.2,3.893,3000.56,8.998,-0.01
10,2.5,1.75,0.003,2.0,3,0.6667,2018.88,-1037.2,3.893,3000.56,8.998,-0.01
15,2.5,1.75,0.003,2.0,3,0.6667,2018.88,-1037.2,3.893,3000.56,8.998,-0.01
20,2.5,1.25,0.003,2.0,3,0.6667,2018.88,-1037.2,3.893,3000.56,8.998,-0.01
20,2.5,1.5,0.003,2.0,3,0.6667,2018.88,-1037.2,3.893,3000.56,8.998,-0.01
20,2.5,1.75,0.003,2.0,3,0.6667,2018.88,-1037.2,3.893,3000.56,8.998,-0.01
5,3.0,1.75,0.003,2.0,3,0.6667,2018.2,-1037.2,3.892,2999.2,8.996,-0.01
10,3.0,1.75,0.003,2.0,3,0.6667,2018.2,-1037.2,3.892,2999.2,8.996,-0.01
15,3.0,1.75,0.003,2.0,3,0.6667,2018.2,-1037.2,3.892,2999.2,8.996,-0.01
20,3.0,1.25,0.003,2.0,3,0.6667,2018.2,-1037.2,3.892,2999.2,8.996,-0.01
20,3.0,1.5,0.003,2.0,3,0.6667,2018.2,-1037.2,3.892,2999.2,8.996,-0.01
20,3.0,1.75,0.003,2.0,3,0.6667,2018.2,-1037.2,3.892,2999.2,8.996,-0.01
5,1.0,1.75,0.002,2.5,14,0.5714,2686.99,-1131.38,3.167,14707.69,8.949,-0.0199
10,1.0,1.75,0.002,2.5,14,0.5714,2686.99,-1131.38,3.167,14707.69,8.949,-0.0199
15,1.0,1.75,0.002,2.5,14,0.5714,2686.99,-1131.38,3.167,14707.69,8.949,-0.0199
20,2.0,1.0,0.002,3.0,16,0.5,3236.98,-1126.72,2.873,16882.09,8.854,-0.0297
20,2.5,1.5,0.002,3.0,13,0.5385,3232.43,-1141.3,3.304,15779.25,8.714,-0.0199
20,3.0,1.5,0.002,3.0,13,0.5385,3231.37,-1141.05,3.304,15773.29,8.714,-0.0199
5,3.0,1.75,0.002,2.0,12,0.5833,2085.6,-1072.83,2.722,9235.09,8.592,-0.0199
10,3.0,1.75,0.002,2.0,12,0.5833,2085.6,-1072.83,2.722,9235.09,8.592,-0.0199
15,3.0,1.75,0.002,2.0,12,0.5833,2085.6,-1072.83,2.722,9235.09,8.592,-0.0199
5,2.0,1.5,0.002,3.0,17,0.4706,3207.79,-1105.75,2.579,15710.58,8.584,-0.0297
10,2.0,1.5,0.002,3.0,17,0.4706,3207.79,-1105.75,2.579,15710.58,8.584,-0.0297
15,2.0,1.5,0.002,3.0,17,0.4706,3207.79,-1105.75,2.579,15710.58,8.584,-0.0297
20,1.0,1.25,0.002,3.0,17,0.5294,3329.74,-1196.62,3.13,20394.68,8.56,-0.0297
20,2.0,1.0,0.003,1.5,5,0.6,1505.59,-1016.43,2.222,2483.92,8.291,-0.01
5,2.0,1.25,0.003,1.5,5,0.6,1505.59,-1016.72,2.221,2483.34,8.288,-0.01
5,2.0,1.5,0.003,1.5,5,0.6,1505.59,-1016.72,2.221,2483.34,8.288,-0.01
10,2.0,1.25,0.003,1.5,5,0.6,1505.59,-1016.72,2.221,2483.34,8.288,-0.01
10,2.0,1.5,0.003,1.5,5,0.6,1505.59,-1016.72,2.221,2483.34,8.288,-0.01
15,2.0,1.25,0.003,1.5,5,0.6,1505.59,-1016.72,2.221,2483.34,8.288,-0.01
15,2.0,1.5,0.003,1.5,5,0.6,1505.59,-1016.72,2.221,2483.34,8.288,-0.01
20,2.0,1.25,0.002,1.5,17,0.6471,1583.72,-1087.14,2.671,10898.12,8.286,-0.0199
20,1.5,1.75,0.001,3.0,23,0.5217,3419.3,-1216.91,3.065,27645.59,8.231,-0.0199
5,1.5,1.75,0.002,1.5,14,0.6429,1567.37,-1074.46,2.626,8734.02,8.02,-0.0199
10,1.5,1.75,0.002,1.5,14,0.6429,1567.37,-1074.46,2.626,8734.02,8.02,-0.0199
15,1.5,1.75,0.002,1.5,14,0.6429,1567.37,-1074.46,2.626,8734.02,8.02,-0.0199
5,1.0,1.75,0.002,1.5,14,0.6429,1567.51,-1075.05,2.625,8732.39,8.016,-0.0199
10,1.0,1.75,0.002,1.5,14,0.6429,1567.51,-1075.05,2.625,8732.39,8.016,-0.0199
15,1.0,1.75,0.002,1.5,14,0.6429,1567.51,-1075.05,2.625,8732.39,8.016,-0.0199
20,1.5,1.5,0.002,3.0,15,0.5333,3284.78,-1173.51,3.199,18063.68,7.949,-0.0297
5,2.0,1.0,0.003,2.5,6,0.5,2516.54,-1021.61,2.463,4484.8,7.934,-0.0199
10,2.0,1.0,0.003,2.5,6,0.5,2516.54,-1021.61,2.463,4484.8,7.934,-0.0199
15,2.0,1.0,0.003,2.5,6,0.5,2516.54,-1021.61,2.463,4484.8,7.934,-0.0199
20,1.0,1.25,0.002,2.0,17,0.5882,2150.93,-1127.46,2.725,13617.11,7.913,-0.0297
5,2.0,1.5,0.002,2.5,17,0.5294,2677.82,-1108.91,2.717,15229.09,7.91,-0.0199
10,2.0,1.5,0.002,2.5,17,0.5294,2677.82,-1108.91,2.717,15229.09,7.91,-0.0199
15,2.0,1.5,0.002,2.5,17,0.5294,2677.82,-1108.91,2.717,15229.09,7.91,-0.0199
20,2.0,1.75,0.001,2.5,22,0.5455,2767.42,-1159.58,2.864,21613.27,7.884,-0.0297
5,2.5,1.75,0.002,1.5,12,0.6667,1557.91,-1064.37,2.927,8205.82,7.871,-0.0199
10,2.5,1.75,0.002,1.5,12,0.6667,1557.91,-1064.37,2.927,8205.82,7.871,-0.0199
15,2.5,1.75,0.002,1.5,12,0.6667,1557.91,-1064.37,2.927,8205.82,7.871,-0.0199
5,3.0,1.75,0.002,1.5,12,0.6667,1557.8,-1064.59,2.927,8204.05,7.87,-0.0199
10,3.0,1.75,0.002,1.5,12,0.6667,1557.8,-1064.59,2.927,8204.05,7.87,-0.0199
15,3.0,1.75,0.002,1.5,12,0.6667,1557.8,-1064.59,2.927,8204.05,7.87,-0.0199
20,2.0,1.0,0.002,2.5,17,0.5294,2689.82,-1122.34,2.696,15229.69,7.84,-0.0297
20,1.0,1.5,0.002,3.0,16,0.5,3280.92,-1170.09,2.804,16886.68,7.582,-0.0297
20,2.5,1.5,0.002,2.5,13,0.5385,2654.09,-1111.58,2.786,11909.12,7.578,-0.0199
20,3.0,1.5,0.002,2.5,13,0.5385,2653.47,-1111.59,2.785,11904.79,7.577,-0.0199
10,1.5,1.75,0.001,3.0,24,0.5,3395.17,-1197.88,2.834,26367.53,7.569,-0.0297
15,1.5,1.75,0.001,3.0,24,0.5,3395.17,-1197.88,2.834,26367.53,7.569,-0.0297
20,2.0,1.25,0.002,2.0,16,0.5625,2117.22,-1095.12,2.486,11389.12,7.563,-0.0199
20,1.0,1.0,0.002,3.0,18,0.5,3317.82,-1185.35,2.799,19192.31,7.561,-0.0297
20,2.5,1.25,0.002,3.0,14,0.5,3222.52,-1133.72,2.842,14621.62,7.496,-0.0199
20,3.0,1.25,0.002,3.0,14,0.5,3222.45,-1133.76,2.842,14620.8,7.496,-0.0199
20,3.0,1.75,0.001,3.0,20,0.5,3296.86,-1144.38,2.881,21524.83,7.486,-0.0199
20,2.5,1.75,0.001,3.0,20,0.5,3297.67,-1145.11,2.88,21525.56,7.484,-0.0199
5,1.5,1.75,0.002,2.0,14,0.5714,2111.61,-1098.17,2.564,10303.82,7.466,-0.0202
10,1.5,1.75,0.002,2.0,14,0.5714,2111.61,-1098.17,2.564,10303.82,7.466,-0.0202
15,1.5,1.75,0.002,2.0,14,0.5714,2111.61,-1098.17,2.564,10303.82,7.466,-0.0202
5,2.0,1.25,0.002,3.0,18,0.4444,3196.73,-1101.01,2.323,14563.75,7.431,-0.0297
10,2.0,1.25,0.002,3.0,18,0.4444,3196.73,-1101.01,2.323,14563.75,7.431,-0.0297
15,2.0,1.25,0.002,3.0,18,0.4444,3196.73,-1101.01,2.323,14563.75,7.431,-0.0297
20,2.0,1.5,0.002,1.5,16,0.625,1571.57,-1076.16,2.434,9258.71,7.43,-0.0199
20,1.0,1.25,0.002,2.5,17,0.5294,2719.29,-1154.9,2.649,15234.44,7.413,-0.0297
20,2.0,1.75,0.001,3.0,21,0.4762,3291.53,-1145.18,2.613,20318.35,7.244,-0.0297
5,2.5,1.75,0.003,1.5,3,0.6667,1510.35,-1027.03,2.941,1993.66,7.201,-0.01
10,2.5,1.75,0.003,1.5,3,0.6667,1510.35,-1027.03,2.941,1993.66,7.201,-0.01
15,2.5,1.75,0.003,1.5,3,0.6667,1510.35,-1027.03,2.941,1993.66,7.201,-0.01
20,2.5,1.25,0.003,1.5,3,0.6667,1510.35,-1027.03,2.941,1993.66,7.201,-0.01
20,2.5,1.5,0.003,1.5,3,0.6667,1510.35,-1027.03,2.941,1993.66,7.201,-0.01
20,2.5,1.75,0.003,1.5,3,0.6667,1510.35,-1027.03,2.941,1993.66,7.201,-0.01
5,3.0,1.75,0.003,1.5,3,0.6667,1509.07,-1029.07,2.933,1989.08,7.182,-0.01
10,3.0,1.75,0.003,1.5,3,0.6667,1509.07,-1029.07,2.933,1989.08,7.182,-0.01
15,3.0,1.75,0.003,1.5,3,0.6667,1509.07,-1029.07,2.933,1989.08,7.182,-0.01
20,3.0,1.25,0.003,1.5,3,0.6667,1509.07,-1029.07,2.933,1989.08,7.182,-0.01
20,3.0,1.5,0.003,1.5,3,0.6667,1509.07,-1029.07,2.933,1989.08,7.182,-0.01
20,3.0,1.75,0.003,1.5,3,0.6667,1509.07,-1029.07,2.933,1989.08,7.182,-0.01
20,1.5,1.75,0.001,2.5,23,0.5217,2770.52,-1167.77,2.588,20400.76,7.163,-0.0199
10,2.0,1.75,0.001,2.5,23,0.5217,2748.5,-1143.93,2.621,20398.72,7.151,-0.0297
15,2.0,1.75,0.001,2.5,23,0.5217,2748.5,-1143.93,2.621,20398.72,7.151,-0.0297
20,1.0,1.5,0.002,2.0,16,0.5625,2129.84,-1111.34,2.464,11389.22,7.025,-0.0297
20,1.5,1.25,0.002,3.0,16,0.5,3276.01,-1165.47,2.811,16884.27,6.962,-0.0297
5,1.5,1.75,0.001,3.0,25,0.48,3395.17,-1202.94,2.605,25103.78,6.901,-0.0297
20,1.5,1.5,0.002,2.5,15,0.5333,2689.75,-1137.08,2.703,13558.41,6.9,-0.0297
20,2.5,1.75,0.001,2.0,21,0.5714,2157.06,-1115.62,2.578,15844.2,6.874,-0.0199
20,2.0,1.0,0.002,1.5,18,0.6111,1576.43,-1078.32,2.297,9792.55,6.863,-0.0199
5,2.0,1.25,0.002,2.5,18,0.5,2668.51,-1104.42,2.416,14076.82,6.851,-0.0199
10,2.0,1.25,0.002,2.5,18,0.5,2668.51,-1104.42,2.416,14076.82,6.851,-0.0199
15,2.0,1.25,0.002,2.5,18,0.5,2668.51,-1104.42,2.416,14076.82,6.851,-0.0199
10,3.0,1.75,0.001,3.0,21,0.4762,3276.93,-1132.17,2.631,20315.4,6.796,-0.0297
15,3.0,1.75,0.001,3.0,21,0.4762,3276.93,-1132.17,2.631,20315.4,6.796,-0.0297
10,2.5,1.75,0.001,3.0,21,0.4762,3277.2,-1132.78,2.63,20311.45,6.794,-0.0297
15,2.5,1.75,0.001,3.0,21,0.4762,3277.2,-1132.78,2.63,20311.45,6.794,-0.0297
20,1.0,1.0,0.002,2.0,18,0.5556,2141.99,-1117.15,2.397,12482.72,6.775,-0.0297
5,1.0,1.25,0.002,3.0,19,0.4737,3291.11,-1162.13,2.549,17998.76,6.759,-0.0297
10,1.0,1.25,0.002,3.0,19,0.4737,3291.11,-1162.13,2.549,17998.76,6.759,-0.0297
15,1.0,1.25,0.002,3.0,19,0.4737,3291.11,-1162.13,2.549,17998.76,6.759,-0.0297
5,2.5,1.25,0.003,3.0,4,0.5,3028.33,-1038.1,2.917,3980.45,6.728,-0.01
5,2.5,1.5,0.003,3.0,4,0.5,3028.33,-1038.1,2.917,3980.45,6.728,-0.01
10,2.5,1.25,0.003,3.0,4,0.5,3028.33,-1038.1,2.917,3980.45,6.728,-0.01
10,2.5,1.5,0.003,3.0,4,0.5,3028.33,-1038.1,2.917,3980.45,6.728,-0.01
15,2.5,1.25,0.003,3.0,4,0.5,3028.33,-1038.1,2.917,3980.45,6.728,-0.01
15,2.5,1.5,0.003,3.0,4,0.5,3028.33,-1038.1,2.917,3980.45,6.728,-0.01
20,2.5,1.0,0.003,3.0,4,0.5,3028.33,-1038.4,2.916,3979.85,6.727,-0.01
5,3.0,1.25,0.003,3.0,4,0.5,3027.3,-1039.12,2.913,3976.37,6.721,-0.01
5,3.0,1.5,0.003,3.0,4,0.5,3027.3,-1039.12,2.913,3976.37,6.721,-0.01
10,3.0,1.25,0.003,3.0,4,0.5,3027.3,-1039.12,2.913,3976.37,6.721,-0.01
10,3.0,1.5,0.003,3.0,4,0.5,3027.3,-1039.12,2.913,3976.37,6.721,-0.01
15,3.0,1.25,0.003,3.0,4,0.5,3027.3,-1039.12,2.913,3976.37,6.721,-0.01
15,3.0,1.5,0.003,3.0,4,0.5,3027.3,-1039.12,2.913,3976.37,6.721,-0.01
20,3.0,1.0,0.003,3.0,4,0.5,3027.3,-1039.42,2.912,3975.77,6.72,-0.01
20,2.5,1.5,0.002,2.0,14,0.5714,2113.76,-1101.33,2.559,10302.05,6.685,-0.0199
20,3.0,1.5,0.001,3.0,27,0.4444,3314.71,-1144.32,2.317,22611.63,6.587,-0.0297
20,2.5,1.5,0.001,3.0,27,0.4444,3314.91,-1144.72,2.317,22608.12,6.585,-0.0297
20,3.0,1.75,0.001,2.0,20,0.55,2123.35,-1086.23,2.389,13580.8,6.575,-0.0202
20,3.0,1.75,0.001,1.5,21,0.619,1586.5,-1081.37,2.384,11973.62,6.567,-0.0199
5,3.0,1.5,0.002,3.0,15,0.4667,3199.15,-1114.09,2.513,13481.3,6.526,-0.0199
10,3.0,1.5,0.002,3.0,15,0.4667,3199.15,-1114.09,2.513,13481.3,6.526,-0.0199
15,3.0,1.5,0.002,3.0,15,0.4667,3199.15,-1114.09,2.513,13481.3,6.526,-0.0199
5,2.5,1.5,0.002,3.0,15,0.4667,3198.7,-1114.68,2.511,13473.45,6.521,-0.0199
10,2.5,1.5,0.002,3.0,15,0.4667,3198.7,-1114.68,2.511,13473.45,6.521,-0.0199
15,2.5,1.5,0.002,3.0,15,0.4667,3198.7,-1114.68,2.511,13473.45,6.521,-0.0199
10,1.5,1.75,0.001,2.5,24,0.5,2751.54,-1151.55,2.389,19199.87,6.499,-0.0297
15,1.5,1.75,0.001,2.5,24,0.5,2751.54,-1151.55,2.389,19199.87,6.499,-0.0297
20,2.0,1.75,0.001,2.0,22,0.5455,2153.72,-1115.42,2.317,14690.42,6.49,-0.03
20,3.0,1.0,0.002,3.0,15,0.4667,3212.8,-1126.22,2.496,13479.81,6.487,-0.0297
20,2.5,1.0,0.002,3.0,15,0.4667,3212.61,-1126.85,2.495,13473.43,6.483,-0.0297
20,1.0,1.5,0.002,2.5,16,0.5,2686.54,-1133.39,2.37,12425.21,6.46,-0.0297
10,2.0,1.0,0.002,3.0,19,0.4211,3183.73,-1096.02,2.113,13413.59,6.454,-0.0303
15,2.0,1.0,0.002,3.0,19,0.4211,3183.73,-1096.02,2.113,13413.59,6.454,-0.0303
20,1.0,1.0,0.002,2.5,18,0.5,2709.82,-1145.06,2.367,14082.86,6.442,-0.0297
5,2.0,1.75,0.001,2.5,24,0.5,2746.09,-1146.63,2.395,19193.51,6.431,-0.0394
20,3.0,1.75,0.001,2.5,20,0.5,2687.16,-1110.54,2.42,15766.23,6.418,-0.0199
20,2.5,1.75,0.001,2.5,20,0.5,2686.6,-1110.88,2.418,15757.18,6.415,-0.0199
20,1.0,1.75,0.001,2.0,24,0.5417,2186.46,-1145.87,2.255,15819.4,6.391,-0.0394
5,2.0,1.5,0.002,2.0,17,0.5294,2100.29,-1078.39,2.191,10275.5,6.389,-0.0199
10,2.0,1.5,0.002,2.0,17,0.5294,2100.29,-1078.39,2.191,10275.5,6.389,-0.0199
15,2.0,1.5,0.002,2.0,17,0.5294,2100.29,-1078.39,2.191,10275.5,6.389,-0.0199
20,2.5,1.25,0.002,2.5,14,0.5,2645.83,-1104.93,2.395,10786.31,6.378,-0.0199
20,3.0,1.25,0.002,2.5,14,0.5,2646.04,-1105.17,2.394,10786.1,6.377,-0.0199
20,2.0,1.75,0.001,1.5,23,0.6087,1607.98,-1110.52,2.252,12517.04,6.35,-0.0297
20,2.0,1.0,0.002,2.0,17,0.5294,2109.77,-1089.12,2.179,10275.04,6.335,-0.0297
10,2.0,1.75,0.001,3.0,23,0.4348,3253.73,-1124.01,2.227,17925.09,6.316,-0.0303
15,2.0,1.75,0.001,3.0,23,0.4348,3253.73,-1124.01,2.227,17925.09,6.316,-0.0303
20,1.0,1.75,0.001,3.0,24,0.4583,3385.62,-1213.78,2.36,21462.67,6.242,-0.0585
5,2.0,1.0,0.003,2.0,6,0.5,2003.84,-1015.89,1.972,2963.85,6.18,-0.0199
10,2.0,1.0,0.003,2.0,6,0.5,2003.84,-1015.89,1.972,2963.85,6.18,-0.0199
15,2.0,1.0,0.003,2.0,6,0.5,2003.84,-1015.89,1.972,2963.85,6.18,-0.0199
5,1.5,1.5,0.002,3.0,17,0.4706,3250.92,-1143.22,2.528,15718.33,6.17,-0.0297
10,1.5,1.5,0.002,3.0,17,0.4706,3250.92,-1143.22,2.528,15718.33,6.17,-0.0297
15,1.5,1.5,0.002,3.0,17,0.4706,3250.92,-1143.22,2.528,15718.33,6.17,-0.0297
20,1.5,1.0,0.002,3.0,17,0.4706,3267.55,-1158.04,2.508,15718.01,6.125,-0.0297
5,3.0,1.75,0.001,3.0,22,0.4545,3276.93,-1138.02,2.4,19113.07,6.121,-0.0297
5,2.5,1.75,0.001,3.0,22,0.4545,3277.6,-1138.38,2.399,19115.45,6.12,-0.0297
10,2.5,1.75,0.001,2.0,22,0.5455,2142.47,-1102.07,2.333,14688.95,6.118,-0.0297
15,2.5,1.75,0.001,2.0,22,0.5455,2142.47,-1102.07,2.333,14688.95,6.118,-0.0297
20,3.0,1.5,0.002,2.0,13,0.5385,2091.53,-1083.09,2.253,8142.13,6.077,-0.0199
10,1.0,1.0,0.002,3.0,20,0.45,3279.52,-1154.27,2.325,16818.76,6.013,-0.0297
15,1.0,1.0,0.002,3.0,20,0.45,3279.52,-1154.27,2.325,16818.76,6.013,-0.0297
10,2.0,1.0,0.002,2.5,19,0.4737,2659.52,-1099.4,2.177,12941.7,5.952,-0.0297
15,2.0,1.0,0.002,2.5,19,0.4737,2659.52,-1099.4,2.177,12941.7,5.952,-0.0297
20,1.5,1.25,0.002,2.5,16,0.5,2682.43,-1129.88,2.374,12420.46,5.932,-0.0297
20,1.5,1.25,0.002,2.0,17,0.5294,2131.85,-1114.32,2.152,10272.13,5.896,-0.03
5,1.0,1.25,0.002,2.0,19,0.5263,2124.42,-1098.55,2.149,11357.28,5.847,-0.0297
10,1.0,1.25,0.002,2.0,19,0.5263,2124.42,-1098.55,2.149,11357.28,5.847,-0.0297
15,1.0,1.25,0.002,2.0,19,0.5263,2124.42,-1098.55,2.149,11357.28,5.847,-0.0297
5,1.0,1.5,0.002,3.0,18,0.4444,3246.75,-1141.31,2.276,14560.88,5.841,-0.0297
10,1.0,1.5,0.002,3.0,18,0.4444,3246.75,-1141.31,2.276,14560.88,5.841,-0.0297
15,1.0,1.5,0.002,3.0,18,0.4444,3246.75,-1141.31,2.276,14560.88,5.841,-0.0297
5,1.5,1.75,0.001,2.5,25,0.48,2751.54,-1154.71,2.2,18007.22,5.841,-0.0297
5,2.5,1.25,0.003,2.5,4,0.5,2517.25,-1030.68,2.442,2973.14,5.76,-0.01
5,2.5,1.5,0.003,2.5,4,0.5,2517.25,-1030.68,2.442,2973.14,5.76,-0.01
10,2.5,1.25,0.003,2.5,4,0.5,2517.25,-1030.68,2.442,2973.14,5.76,-0.01
10,2.5,1.5,0.003,2.5,4,0.5,2517.25,-1030.68,2.442,2973.14,5.76,-0.01
15,2.5,1.25,0.003,2.5,4,0.5,2517.25,-1030.68,2.442,2973.14,5.76,-0.01
15,2.5,1.5,0.003,2.5,4,0.5,2517.25,-1030.68,2.442,2973.14,5.76,-0.01
20,2.5,1.0,0.003,2.5,4,0.5,2517.25,-1030.79,2.442,2972.91,5.759,-0.01
5,3.0,1.25,0.003,2.5,4,0.5,2515.12,-1030.21,2.441,2969.82,5.758,-0.01
5,3.0,1.5,0.003,2.5,4,0.5,2515.12,-1030.21,2.441,2969.82,5.758,-0.01
10,3.0,1.25,0.003,2.5,4,0.5,2515.12,-1030.21,2.441,2969.82,5.758,-0.01
10,3.0,1.5,0.003,2.5,4,0.5,2515.12,-1030.21,2.441,2969.82,5.758,-0.01
15,3.0,1.25,0.003,2.5,4,0.5,2515.12,-1030.21,2.441,2969.82,5.758,-0.01
15,3.0,1.5,0.003,2.5,4,0.5,2515.12,-1030.21,2.441,2969.82,5.758,-0.01
20,3.0,1.0,0.003,2.5,4,0.5,2515.12,-1030.29,2.441,2969.67,5.757,-0.01
10,2.0,1.75,0.001,2.0,23,0.5217,2139.37,-1102.26,2.117,13547.64,5.749,-0.03
15,2.0,1.75,0.001,2.0,23,0.5217,2139.37,-1102.26,2.117,13547.64,5.749,-0.03
5,3.0,1.5,0.001,3.0,31,0.4194,3310.8,-1139.41,2.099,22531.0,5.739,-0.0303
5,2.5,1.5,0.001,3.0,31,0.4194,3310.53,-1139.4,2.098,22527.7,5.738,-0.0302
5,2.0,1.25,0.002,1.5,19,0.5789,1562.89,-1062.86,2.022,8688.85,5.722,-0.0199
10,2.0,1.25,0.002,1.5,19,0.5789,1562.89,-1062.86,2.022,8688.85,5.722,-0.0199
15,2.0,1.25,0.002,1.5,19,0.5789,1562.89,-1062.86,2.022,8688.85,5.722,-0.0199
10,3.0,1.75,0.001,2.5,21,0.4762,2669.63,-1099.77,2.207,14598.87,5.717,-0.0297
15,3.0,1.75,0.001,2.5,21,0.4762,2669.63,-1099.77,2.207,14598.87,5.717,-0.0297
15,1.0,1.75,0.001,3.0,25,0.44,3363.22,-1195.9,2.21,20252.71,5.709,-0.0585
20,1.5,1.25,0.002,1.5,17,0.5882,1577.03,-1085.78,2.075,8169.79,5.707,-0.0297
20,1.0,1.25,0.002,1.5,17,0.5882,1576.97,-1085.88,2.075,8168.5,5.706,-0.0297
5,2.0,1.0,0.002,3.0,20,0.4,3175.4,-1093.7,1.936,12278.85,5.682,-0.0303
10,3.0,1.75,0.001,1.5,22,0.5909,1575.03,-1069.43,2.127,10850.45,5.679,-0.0297
15,3.0,1.75,0.001,1.5,22,0.5909,1575.03,-1069.43,2.127,10850.45,5.679,-0.0297
5,2.0,1.75,0.001,3.0,24,0.4167,3250.26,-1125.54,2.063,16745.07,5.656,-0.0394
5,3.0,1.25,0.002,3.0,16,0.4375,3189.47,-1108.85,2.237,12346.62,5.653,-0.0199
10,3.0,1.25,0.002,3.0,16,0.4375,3189.47,-1108.85,2.237,12346.62,5.653,-0.0199
15,3.0,1.25,0.002,3.0,16,0.4375,3189.47,-1108.85,2.237,12346.62,5.653,-0.0199
5,2.5,1.25,0.002,3.0,16,0.4375,3189.42,-1109.2,2.236,12343.13,5.651,-0.0199
10,2.5,1.25,0.002,3.0,16,0.4375,3189.42,-1109.2,2.236,12343.13,5.651,-0.0199
15,2.5,1.25,0.002,3.0,16,0.4375,3189.42,-1109.2,2.236,12343.13,5.651,-0.0199
5,1.0,1.25,0.002,2.5,19,0.4737,2688.1,-1125.04,2.15,12942.51,5.649,-0.0297
10,1.0,1.25,0.002,2.5,19,0.4737,2688.1,-1125.04,2.15,12942.51,5.649,-0.0297
15,1.0,1.25,0.002,2.5,19,0.4737,2688.1,-1125.04,2.15,12942.51,5.649,-0.0297
20,2.0,1.5,0.001,2.5,29,0.4483,2721.99,-1126.5,1.963,17361.9,5.632,-0.0297
10,3.0,1.5,0.001,3.0,29,0.4138,3272.32,-1123.19,2.057,20173.59,5.617,-0.0302
15,3.0,1.5,0.001,3.0,29,0.4138,3272.32,-1123.19,2.057,20173.59,5.617,-0.0302
10,2.5,1.5,0.001,3.0,29,0.4138,3271.85,-1123.38,2.056,20164.73,5.615,-0.0302
15,2.5,1.5,0.001,3.0,29,0.4138,3271.85,-1123.38,2.056,20164.73,5.615,-0.0302
20,2.5,1.25,0.002,2.0,15,0.5333,2108.34,-1095.23,2.2,9200.12,5.563,-0.0199
20,2.0,1.25,0.001,1.5,36,0.5556,1646.36,-1140.79,1.804,14674.5,5.56,-0.0347
15,1.0,1.75,0.001,2.0,26,0.5,2157.02,-1117.57,1.93,13512.96,5.535,-0.0394
10,2.0,1.75,0.001,1.5,24,0.5833,1597.46,-1097.22,2.038,11392.19,5.531,-0.0297
15,2.0,1.75,0.001,1.5,24,0.5833,1597.46,-1097.22,2.038,11392.19,5.531,-0.0297
5,1.0,1.0,0.002,3.0,21,0.4286,3275.58,-1152.47,2.132,15650.62,5.456,-0.0303
5,1.5,1.25,0.002,3.0,18,0.4444,3242.14,-1137.66,2.28,14560.51,5.436,-0.0297
10,1.5,1.25,0.002,3.0,18,0.4444,3242.14,-1137.66,2.28,14560.51,5.436,-0.0297
15,1.5,1.25,0.002,3.0,18,0.4444,3242.14,-1137.66,2.28,14560.51,5.436,-0.0297
20,1.0,1.75,0.001,1.5,25,0.56,1593.83,-1093.77,1.855,10282.08,5.419,-0.0394
10,2.5,1.75,0.001,2.5,22,0.4545,2656.91,-1092.48,2.027,13459.36,5.415,-0.0349
15,2.5,1.75,0.001,2.5,22,0.4545,2656.91,-1092.48,2.027,13459.36,5.415,-0.0349
5,3.0,1.5,0.002,2.5,15,0.4667,2625.63,-1088.18,2.111,9673.99,5.404,-0.0199
10,3.0,1.5,0.002,2.5,15,0.4667,2625.63,-1088.18,2.111,9673.99,5.404,-0.0199
15,3.0,1.5,0.002,2.5,15,0.4667,2625.63,-1088.18,2.111,9673.99,5.404,-0.0199
5,1.0,1.75,0.001,2.0,28,0.5,2195.67,-1150.86,1.908,14627.46,5.403,-0.0496
5,2.5,1.75,0.001,2.0,23,0.5217,2142.47,-1106.31,2.113,13540.22,5.385,-0.0297
10,3.0,1.75,0.001,2.0,22,0.5,2097.8,-1068.7,1.963,11320.13,5.385,-0.0397
15,3.0,1.75,0.001,2.0,22,0.5,2097.8,-1068.7,1.963,11320.13,5.385,-0.0397
20,2.5,1.0,0.002,2.5,15,0.4667,2638.1,-1097.66,2.103,9685.36,5.38,-0.0297
20,2.0,1.0,0.001,1.5,38,0.5526,1653.07,-1146.08,1.782,15231.09,5.376,-0.0444
20,3.0,1.0,0.002,2.5,15,0.4667,2637.36,-1098.35,2.101,9674.71,5.374,-0.0297
20,3.0,1.5,0.001,2.5,27,0.4444,2687.98,-1105.88,1.944,15667.52,5.363,-0.0297
20,2.5,1.5,0.001,2.5,27,0.4444,2687.3,-1106.03,1.944,15657.14,5.36,-0.0297
20,2.5,1.5,0.001,2.0,28,0.5,2152.65,-1108.4,1.942,14619.39,5.355,-0.0297
20,2.0,1.5,0.001,3.0,28,0.3929,3233.27,-1111.11,1.883,16677.13,5.355,-0.0394
20,1.5,1.75,0.001,2.0,24,0.5,2153.96,-1119.82,1.923,12409.77,5.352,-0.0303
5,2.0,1.25,0.002,2.0,18,0.5,2092.83,-1073.9,1.949,9170.37,5.348,-0.0202
10,2.0,1.25,0.002,2.0,18,0.5,2092.83,-1073.9,1.949,9170.37,5.348,-0.0202
15,2.0,1.25,0.002,2.0,18,0.5,2092.83,-1073.9,1.949,9170.37,5.348,-0.0202
5,2.0,1.0,0.002,2.5,20,0.45,2653.03,-1097.11,1.979,11809.0,5.239,-0.0297
10,1.0,1.75,0.001,3.0,26,0.4231,3359.82,-1193.92,2.064,19049.24,5.178,-0.059
20,1.0,1.75,0.001,2.5,24,0.4583,2750.93,-1163.4,2.001,15136.05,5.168,-0.0585
5,1.5,1.5,0.002,2.5,17,0.4706,2661.98,-1110.64,2.13,11300.04,5.141,-0.0297
10,1.5,1.5,0.002,2.5,17,0.4706,2661.98,-1110.64,2.13,11300.04,5.141,-0.0297
15,1.5,1.5,0.002,2.5,17,0.4706,2661.98,-1110.64,2.13,11300.04,5.141,-0.0297
20,1.5,1.0,0.002,2.5,17,0.4706,2675.39,-1122.74,2.118,11298.43,5.106,-0.0297
20,3.0,1.25,0.001,3.0,30,0.4,3274.42,-1128.95,1.934,18972.01,5.054,-0.049
5,3.0,1.75,0.001,2.5,22,0.4545,2669.63,-1103.51,2.016,13454.14,5.045,-0.0297
5,2.0,1.75,0.001,2.0,24,0.5,2137.45,-1103.14,1.938,12411.67,5.035,-0.0397
10,1.0,1.0,0.002,2.0,20,0.5,2115.69,-1091.26,1.939,10244.33,5.008,-0.0297
15,1.0,1.0,0.002,2.0,20,0.5,2115.69,-1091.26,1.939,10244.33,5.008,-0.0297
5,1.0,1.5,0.002,2.0,18,0.5,2105.7,-1086.31,1.938,9174.48,5.006,-0.0297
10,1.0,1.5,0.002,2.0,18,0.5,2105.7,-1086.31,1.938,9174.48,5.006,-0.0297
15,1.0,1.5,0.002,2.0,18,0.5,2105.7,-1086.31,1.938,9174.48,5.006,-0.0297
20,2.5,1.75,0.001,1.5,21,0.5714,1573.89,-1074.59,1.953,9215.27,4.995,-0.0199
20,3.0,1.5,0.001,2.0,27,0.4815,2113.99,-1078.86,1.82,12377.82,4.995,-0.0202
20,1.5,1.5,0.002,2.0,16,0.5,2111.42,-1097.81,1.923,8108.93,4.968,-0.03
5,2.5,1.5,0.002,2.5,16,0.4375,2614.91,-1080.35,1.883,8581.2,4.968,-0.0297
10,2.5,1.5,0.002,2.5,16,0.4375,2614.91,-1080.35,1.883,8581.2,4.968,-0.0297
15,2.5,1.5,0.002,2.5,16,0.4375,2614.91,-1080.35,1.883,8581.2,4.968,-0.0297
20,1.5,1.0,0.002,2.0,18,0.5,2124.43,-1105.21,1.922,9172.99,4.962,-0.03
5,2.0,1.5,0.001,2.5,33,0.4242,2711.54,-1117.55,1.788,16728.1,4.962,-0.035
5,2.0,1.5,0.002,1.5,18,0.5556,1552.61,-1055.14,1.839,7084.92,4.918,-0.0199
10,2.0,1.5,0.002,1.5,18,0.5556,1552.61,-1055.14,1.839,7084.92,4.918,-0.0199
15,2.0,1.5,0.002,1.5,18,0.5556,1552.61,-1055.14,1.839,7084.92,4.918,-0.0199
10,1.0,1.0,0.002,2.5,20,0.45,2678.76,-1117.61,1.961,11815.13,4.915,-0.0297
15,1.0,1.0,0.002,2.5,20,0.45,2678.76,-1117.61,1.961,11815.13,4.915,-0.0297
20,1.5,1.5,0.001,3.0,30,0.4,3344.37,-1175.25,1.897,18977.91,4.912,-0.0394
20,3.0,1.25,0.002,2.0,14,0.5,2085.09,-1076.24,1.937,7061.99,4.906,-0.0199
10,3.0,1.0,0.002,3.0,17,0.4118,3179.82,-1103.35,2.017,11225.2,4.894,-0.0296
15,3.0,1.0,0.002,3.0,17,0.4118,3179.82,-1103.35,2.017,11225.2,4.894,-0.0296
10,2.5,1.0,0.002,3.0,17,0.4118,3179.51,-1103.76,2.016,11218.96,4.891,-0.0297
15,2.5,1.0,0.002,3.0,17,0.4118,3179.51,-1103.76,2.016,11218.96,4.891,-0.0297
20,1.5,1.5,0.002,1.5,16,0.5625,1565.38,-1073.9,1.874,6571.11,4.867,-0.0297
20,1.0,1.5,0.002,1.5,16,0.5625,1565.65,-1074.19,1.874,6571.52,4.866,-0.0297
10,1.0,1.75,0.001,2.0,27,0.4815,2153.49,-1115.43,1.793,12379.39,4.865,-0.04
20,1.0,1.5,0.001,2.0,31,0.4839,2214.45,-1164.02,1.784,14592.5,4.861,-0.0591
10,2.0,1.5,0.001,2.5,31,0.4194,2687.78,-1106.31,1.755,15027.53,4.847,-0.0297
15,2.0,1.5,0.001,2.5,31,0.4194,2687.78,-1106.31,1.755,15027.53,4.847,-0.0297
5,3.0,1.75,0.001,1.5,23,0.5652,1575.03,-1073.15,1.908,9743.88,4.845,-0.0297
20,3.0,1.5,0.002,1.5,14,0.5714,1557.9,-1068.11,1.945,6054.59,4.816,-0.0199
20,2.5,1.5,0.002,1.5,14,0.5714,1557.94,-1068.58,1.944,6052.02,4.813,-0.0199
10,1.5,1.0,0.002,3.0,19,0.4211,3233.68,-1131.89,2.078,13418.65,4.789,-0.0297
15,1.5,1.0,0.002,3.0,19,0.4211,3233.68,-1131.89,2.078,13418.65,4.789,-0.0297
20,1.0,1.25,0.001,2.5,37,0.4324,2854.88,-1213.18,1.793,20201.32,4.781,-0.0772
20,1.0,1.25,0.001,2.0,38,0.4737,2236.37,-1172.12,1.717,16812.18,4.781,-0.0585
5,2.0,1.75,0.001,1.5,25,0.56,1596.53,-1097.29,1.852,10281.21,4.757,-0.0394
5,2.5,1.75,0.001,2.5,23,0.4348,2656.91,-1095.61,1.865,12326.11,4.75,-0.035
5,1.0,1.5,0.002,2.5,18,0.4444,2658.71,-1108.26,1.919,10187.11,4.743,-0.0297
10,1.0,1.5,0.002,2.5,18,0.4444,2658.71,-1108.26,1.919,10187.11,4.743,-0.0297
15,1.0,1.5,0.002,2.5,18,0.4444,2658.71,-1108.26,1.919,10187.11,4.743,-0.0297
20,2.0,1.25,0.001,2.5,33,0.4242,2733.26,-1133.75,1.776,16724.35,4.734,-0.0585
10,2.0,1.0,0.002,1.5,20,0.55,1555.59,-1056.52,1.8,7602.89,4.719,-0.0199
15,2.0,1.0,0.002,1.5,20,0.55,1555.59,-1056.52,1.8,7602.89,4.719,-0.0199
20,1.0,1.0,0.001,2.5,40,0.425,2855.98,-1208.56,1.747,20754.84,4.707,-0.0772
10,1.5,1.75,0.001,2.0,25,0.48,2139.38,-1106.49,1.785,11288.16,4.695,-0.0303
15,1.5,1.75,0.001,2.0,25,0.48,2139.38,-1106.49,1.785,11288.16,4.695,-0.0303
5,1.0,1.75,0.001,3.0,27,0.4074,3359.82,-1193.66,1.935,17859.52,4.69,-0.0685
20,2.5,1.25,0.001,3.0,31,0.3871,3266.07,-1126.9,1.83,17781.64,4.651,-0.0585
5,2.5,1.5,0.002,2.0,16,0.5,2092.49,-1078.68,1.94,8110.56,4.648,-0.0199
10,2.5,1.5,0.002,2.0,16,0.5,2092.49,-1078.68,1.94,8110.56,4.648,-0.0199
15,2.5,1.5,0.002,2.0,16,0.5,2092.49,-1078.68,1.94,8110.56,4.648,-0.0199
20,1.0,1.0,0.002,1.5,18,0.5556,1570.5,-1076.89,1.823,7089.92,4.644,-0.0297
20,1.5,1.0,0.002,1.5,18,0.5556,1570.35,-1076.93,1.823,7088.07,4.643,-0.0297
15,1.0,1.75,0.001,1.5,26,0.5385,1582.31,-1081.08,1.708,9179.35,4.64,-0.0394
20,1.5,1.75,0.001,1.5,24,0.5417,1579.26,-1079.86,1.728,8651.91,4.639,-0.0199
5,3.0,1.75,0.001,2.0,23,0.4783,2097.8,-1072.3,1.793,10208.19,4.632,-0.0397
20,2.5,1.0,0.002,2.0,16,0.5,2103.28,-1089.19,1.931,8112.7,4.617,-0.0297
5,1.0,1.25,0.001,2.0,46,0.4783,2308.77,-1222.35,1.731,21456.59,4.615,-0.069
20,2.0,1.25,0.001,3.0,32,0.375,3254.41,-1122.69,1.739,16599.12,4.597,-0.0585
5,1.0,1.0,0.002,2.0,21,0.4762,2111.22,-1088.21,1.764,9141.96,4.566,-0.0297
20,1.0,1.0,0.001,2.0,41,0.4634,2232.44,-1165.31,1.655,16779.45,4.566,-0.0585
5,1.0,1.75,0.001,2.5,28,0.4286,2773.4,-1173.36,1.773,14507.02,4.549,-0.073
5,3.0,1.25,0.002,2.5,16,0.4375,2618.19,-1082.9,1.88,8581.23,4.537,-0.0199
10,3.0,1.25,0.002,2.5,16,0.4375,2618.19,-1082.9,1.88,8581.23,4.537,-0.0199
15,3.0,1.25,0.002,2.5,16,0.4375,2618.19,-1082.9,1.88,8581.23,4.537,-0.0199
5,2.5,1.5,0.001,2.0,32,0.4688,2140.16,-1097.9,1.72,13438.19,4.505,-0.0297
5,3.0,1.5,0.001,2.5,31,0.4194,2677.71,-1098.75,1.76,15032.76,4.498,-0.035
10,2.5,1.5,0.001,2.0,30,0.4667,2124.9,-1087.77,1.709,12344.18,4.482,-0.0297
15,2.5,1.5,0.001,2.0,30,0.4667,2124.9,-1087.77,1.709,12344.18,4.482,-0.0297
15,1.0,1.75,0.001,2.5,26,0.4231,2717.2,-1136.25,1.754,12845.44,4.48,-0.0585
20,2.0,1.5,0.001,1.5,30,0.5333,1603.69,-1101.86,1.663,10233.05,4.478,-0.0351
20,2.5,1.0,0.003,2.0,4,0.5,2008.71,-1023.19,1.963,1971.05,4.469,-0.01
5,2.5,1.25,0.003,2.0,4,0.5,2008.71,-1023.25,1.963,1970.91,4.468,-0.01
5,2.5,1.5,0.003,2.0,4,0.5,2008.71,-1023.25,1.963,1970.91,4.468,-0.01
10,2.5,1.25,0.003,2.0,4,0.5,2008.71,-1023.25,1.963,1970.91,4.468,-0.01
10,2.5,1.5,0.003,2.0,4,0.5,2008.71,-1023.25,1.963,1970.91,4.468,-0.01
15,2.5,1.25,0.003,2.0,4,0.5,2008.71,-1023.25,1.963,1970.91,4.468,-0.01
15,2.5,1.5,0.003,2.0,4,0.5,2008.71,-1023.25,1.963,1970.91,4.468,-0.01
20,3.0,1.0,0.003,2.0,4,0.5,2008.03,-1023.19,1.963,1969.67,4.467,-0.01
5,1.5,1.75,0.001,1.5,26,0.5385,1594.26,-1095.25,1.698,9176.64,4.461,-0.0297
5,3.0,1.25,0.003,2.0,4,0.5,2008.03,-1024.27,1.96,1967.51,4.46,-0.01
5,3.0,1.5,0.003,2.0,4,0.5,2008.03,-1024.27,1.96,1967.51,4.46,-0.01
10,3.0,1.25,0.003,2.0,4,0.5,2008.03,-1024.27,1.96,1967.51,4.46,-0.01
10,3.0,1.5,0.003,2.0,4,0.5,2008.03,-1024.27,1.96,1967.51,4.46,-0.01
15,3.0,1.25,0.003,2.0,4,0.5,2008.03,-1024.27,1.96,1967.51,4.46,-0.01
15,3.0,1.5,0.003,2.0,4,0.5,2008.03,-1024.27,1.96,1967.51,4.46,-0.01
10,2.0,1.0,0.002,2.0,19,0.4737,2085.39,-1068.98,1.756,8078.7,4.456,-0.0299
15,2.0,1.0,0.002,2.0,19,0.4737,2085.39,-1068.98,1.756,8078.7,4.456,-0.0299
5,1.0,1.75,0.001,1.5,28,0.5357,1606.7,-1106.81,1.675,9711.95,4.441,-0.0493
15,2.0,1.0,0.001,1.5,42,0.5238,1633.32,-1122.29,1.601,13487.24,4.438,-0.0539
5,2.0,1.5,0.001,3.0,33,0.3636,3208.04,-1098.27,1.669,15432.85,4.419,-0.0591
20,1.0,1.5,0.001,3.0,31,0.3871,3406.39,-1215.27,1.77,17786.45,4.417,-0.0778
5,1.5,1.25,0.002,2.5,18,0.4444,2654.93,-1105.28,1.922,10186.66,4.412,-0.0297
10,1.5,1.25,0.002,2.5,18,0.4444,2654.93,-1105.28,1.922,10186.66,4.412,-0.0297
15,1.5,1.25,0.002,2.5,18,0.4444,2654.93,-1105.28,1.922,10186.66,4.412,-0.0297
20,3.0,1.5,0.001,1.5,28,0.5357,1575.48,-1071.24,1.697,9706.09,4.411,-0.0199
5,1.0,1.5,0.001,2.0,37,0.4595,2231.76,-1170.79,1.62,14524.13,4.404,-0.0778
10,3.0,1.5,0.001,2.5,29,0.4138,2653.1,-1086.95,1.723,13359.18,4.354,-0.035
15,3.0,1.5,0.001,2.5,29,0.4138,2653.1,-1086.95,1.723,13359.18,4.354,-0.035
5,1.0,1.0,0.002,2.5,21,0.4286,2675.64,-1115.41,1.799,10695.77,4.324,-0.035
10,1.5,1.5,0.001,3.0,32,0.375,3304.01,-1151.89,1.721,16610.19,4.29,-0.0394
15,1.5,1.5,0.001,3.0,32,0.375,3304.01,-1151.89,1.721,16610.19,4.29,-0.0394
5,1.5,1.0,0.002,3.0,20,0.4,3229.36,-1129.4,1.906,12282.16,4.288,-0.0297
5,3.0,1.0,0.002,3.0,18,0.3889,3175.26,-1100.99,1.835,10115.92,4.279,-0.0296
5,2.5,1.0,0.002,3.0,18,0.3889,3175.08,-1101.58,1.834,10108.12,4.275,-0.0297
5,2.5,1.5,0.001,2.5,32,0.4062,2660.7,-1090.08,1.67,13877.53,4.252,-0.0446
20,3.0,1.0,0.001,3.0,32,0.375,3257.24,-1124.19,1.738,16603.08,4.232,-0.0679
10,2.5,1.75,0.001,1.5,22,0.5455,1563.33,-1063.47,1.764,8125.21,4.226,-0.0297
15,2.5,1.75,0.001,1.5,22,0.5455,1563.33,-1063.47,1.764,8125.21,4.226,-0.0297
5,3.0,1.0,0.003,3.0,5,0.4,3012.04,-1027.78,1.954,2940.73,4.219,-0.0199
10,3.0,1.0,0.003,3.0,5,0.4,3012.04,-1027.78,1.954,2940.73,4.219,-0.0199
15,3.0,1.0,0.003,3.0,5,0.4,3012.04,-1027.78,1.954,2940.73,4.219,-0.0199
5,2.5,1.0,0.003,3.0,5,0.4,3013.06,-1028.46,1.953,2940.76,4.218,-0.0199
10,2.5,1.0,0.003,3.0,5,0.4,3013.06,-1028.46,1.953,2940.76,4.218,-0.0199
15,2.5,1.0,0.003,3.0,5,0.4,3013.06,-1028.46,1.953,2940.76,4.218,-0.0199
20,1.0,1.0,0.001,3.0,40,0.375,3464.26,-1231.41,1.688,21178.58,4.201,-0.0783
5,1.5,1.25,0.002,2.0,19,0.4737,2107.83,-1088.79,1.742,8082.53,4.175,-0.03
10,1.5,1.25,0.002,2.0,19,0.4737,2107.83,-1088.79,1.742,8082.53,4.175,-0.03
15,1.5,1.25,0.002,2.0,19,0.4737,2107.83,-1088.79,1.742,8082.53,4.175,-0.03
10,2.0,1.5,0.001,3.0,31,0.3548,3176.84,-1086.6,1.608,13213.22,4.16,-0.059
15,2.0,1.5,0.001,3.0,31,0.3548,3176.84,-1086.6,1.608,13213.22,4.16,-0.059
20,1.0,1.25,0.001,3.0,37,0.3784,3455.44,-1232.16,1.707,20036.43,4.15,-0.0772
5,2.5,1.25,0.002,2.5,17,0.4118,2607.17,-1075.63,1.697,7493.87,4.111,-0.0297
10,2.5,1.25,0.002,2.5,17,0.4118,2607.17,-1075.63,1.697,7493.87,4.111,-0.0297
15,2.5,1.25,0.002,2.5,17,0.4118,2607.17,-1075.63,1.697,7493.87,4.111,-0.0297
10,2.5,1.5,0.001,2.5,30,0.4,2637.35,-1079.13,1.629,12223.8,4.087,-0.0446
15,2.5,1.5,0.001,2.5,30,0.4,2637.35,-1079.13,1.629,12223.8,4.087,-0.0446
15,2.0,1.25,0.001,1.5,39,0.5128,1623.45,-1115.86,1.531,11267.65,4.073,-0.0444
5,1.5,1.75,0.001,2.0,26,0.4615,2139.38,-1106.9,1.657,10175.95,4.062,-0.04
20,2.0,1.5,0.001,2.0,29,0.4483,2113.66,-1083.65,1.585,10139.23,3.985,-0.0303
10,1.0,1.75,0.001,2.5,27,0.4074,2714.5,-1133.98,1.646,11715.82,3.941,-0.0636
20,3.0,1.0,0.002,2.0,15,0.4667,2079.15,-1070.21,1.7,5992.32,3.914,-0.0297
10,1.0,1.75,0.001,1.5,27,0.5185,1579.97,-1079.28,1.577,8088.97,3.912,-0.0397
10,1.5,1.75,0.001,1.5,25,0.52,1568.11,-1068.21,1.59,7566.91,3.898,-0.0297
15,1.5,1.75,0.001,1.5,25,0.52,1568.11,-1068.21,1.59,7566.91,3.898,-0.0297
15,1.0,1.5,0.001,2.0,34,0.4412,2173.31,-1126.85,1.523,11189.44,3.885,-0.0591
20,2.0,1.0,0.001,2.5,35,0.4,2721.15,-1128.23,1.608,14403.29,3.881,-0.0772
20,2.5,1.0,0.001,3.0,33,0.3636,3248.99,-1121.35,1.656,15439.57,3.874,-0.0772
15,3.0,1.25,0.001,3.0,33,0.3636,3224.17,-1107.22,1.664,15438.45,3.873,-0.0585
5,2.0,1.0,0.002,1.5,21,0.5238,1552.96,-1055.39,1.619,6528.68,3.842,-0.025
15,1.0,1.5,0.001,3.0,33,0.3636,3370.57,-1190.48,1.618,15446.69,3.832,-0.0778
20,3.0,1.25,0.001,2.5,30,0.4,2654.83,-1090.79,1.623,12223.72,3.831,-0.049
5,2.5,1.25,0.002,2.0,17,0.4706,2086.71,-1073.72,1.728,7030.25,3.82,-0.0202
10,2.5,1.25,0.002,2.0,17,0.4706,2086.71,-1073.72,1.728,7030.25,3.82,-0.0202
15,2.5,1.25,0.002,2.0,17,0.4706,2086.71,-1073.72,1.728,7030.25,3.82,-0.0202
15,3.0,1.0,0.001,3.0,36,0.3611,3226.81,-1105.06,1.65,16532.06,3.808,-0.0772
20,2.0,1.0,0.001,3.0,34,0.3529,3238.33,-1116.98,1.581,14286.38,3.779,-0.0772
10,3.0,1.0,0.002,2.5,17,0.4118,2610.76,-1077.49,1.696,7500.42,3.778,-0.0297
15,3.0,1.0,0.002,2.5,17,0.4118,2610.76,-1077.49,1.696,7500.42,3.778,-0.0297
10,1.5,1.0,0.002,2.5,19,0.4211,2648.16,-1099.77,1.751,9087.79,3.766,-0.0297
15,1.5,1.0,0.002,2.5,19,0.4211,2648.16,-1099.77,1.751,9087.79,3.766,-0.0297
5,1.0,1.25,0.002,1.5,19,0.5263,1557.78,-1062.32,1.629,6016.98,3.747,-0.0297
10,1.0,1.25,0.002,1.5,19,0.5263,1557.78,-1062.32,1.629,6016.98,3.747,-0.0297
15,1.0,1.25,0.002,1.5,19,0.5263,1557.78,-1062.32,1.629,6016.98,3.747,-0.0297
5,1.5,1.25,0.002,1.5,19,0.5263,1557.49,-1062.19,1.629,6015.27,3.746,-0.0297
10,1.5,1.25,0.002,1.5,19,0.5263,1557.49,-1062.19,1.629,6015.27,3.746,-0.0297
15,1.5,1.25,0.002,1.5,19,0.5263,1557.49,-1062.19,1.629,6015.27,3.746,-0.0297
10,2.0,1.25,0.001,1.5,40,0.5,1610.89,-1103.39,1.46,10150.04,3.742,-0.0444
20,1.5,1.5,0.001,2.5,30,0.4,2711.15,-1128.09,1.602,12228.1,3.727,-0.0402
20,2.5,1.25,0.002,1.5,15,0.5333,1553.88,-1062.35,1.672,4994.56,3.708,-0.0202
20,3.0,1.25,0.002,1.5,15,0.5333,1553.68,-1062.25,1.672,4993.7,3.708,-0.0202
5,2.0,1.0,0.003,1.5,6,0.5,1496.51,-1007.92,1.485,1465.77,3.705,-0.0199
10,2.0,1.0,0.003,1.5,6,0.5,1496.51,-1007.92,1.485,1465.77,3.705,-0.0199
15,2.0,1.0,0.003,1.5,6,0.5,1496.51,-1007.92,1.485,1465.77,3.705,-0.0199
5,2.0,1.0,0.002,2.0,20,0.45,2081.1,-1066.14,1.597,7002.39,3.701,-0.0305
15,1.0,1.25,0.001,2.5,41,0.3902,2800.74,-1173.98,1.527,15462.23,3.687,-0.0772
20,1.5,1.25,0.001,1.5,38,0.5,1619.42,-1112.72,1.455,9627.38,3.682,-0.0394
5,2.0,1.25,0.001,1.5,42,0.5,1619.26,-1110.4,1.458,10686.09,3.681,-0.0497
10,2.0,1.0,0.001,1.5,44,0.5,1619.63,-1109.38,1.46,11225.51,3.672,-0.0539
15,2.0,1.25,0.001,2.5,36,0.3889,2691.27,-1109.97,1.543,13258.38,3.649,-0.0679
5,3.0,1.5,0.001,2.0,32,0.4375,2086.48,-1061.41,1.529,10105.44,3.635,-0.0493
5,2.0,1.0,0.005,3.0,3,0.3333,2937.87,-993.44,1.479,950.98,3.624,-0.01
10,2.0,1.0,0.005,3.0,3,0.3333,2937.87,-993.44,1.479,950.98,3.624,-0.01
15,2.0,1.0,0.005,3.0,3,0.3333,2937.87,-993.44,1.479,950.98,3.624,-0.01
20,2.0,1.0,0.005,3.0,3,0.3333,2937.87,-993.44,1.479,950.98,3.624,-0.01
20,1.5,1.0,0.001,1.5,40,0.5,1625.67,-1117.73,1.454,10158.91,3.624,-0.0451
20,2.0,1.0,0.001,2.0,36,0.4444,2163.04,-1116.63,1.55,12276.0,3.617,-0.0684
5,3.0,1.25,0.001,3.0,37,0.3514,3217.97,-1102.43,1.581,15375.29,3.604,-0.0585
5,1.0,1.0,0.001,2.0,52,0.4423,2304.49,-1213.26,1.506,17818.73,3.543,-0.1057
10,3.0,1.5,0.001,2.0,30,0.4333,2072.36,-1053.19,1.505,9036.43,3.532,-0.0492
15,3.0,1.5,0.001,2.0,30,0.4333,2072.36,-1053.19,1.505,9036.43,3.532,-0.0492
15,2.5,1.25,0.001,3.0,34,0.3529,3216.29,-1104.93,1.588,14286.98,3.53,-0.0679
20,2.0,1.25,0.001,2.0,34,0.4412,2148.68,-1107.64,1.531,11185.05,3.518,-0.059
20,1.5,1.0,0.001,2.0,39,0.4359,2214.43,-1154.66,1.482,12242.66,3.518,-0.0687
20,1.5,1.0,0.001,2.5,38,0.3947,2791.5,-1171.15,1.554,14936.01,3.506,-0.078
5,2.5,1.75,0.001,1.5,23,0.5217,1563.13,-1064.89,1.601,7043.79,3.499,-0.0297
15,2.5,1.0,0.001,3.0,37,0.3514,3217.02,-1101.98,1.581,15373.6,3.497,-0.0864
5,1.5,1.5,0.001,3.0,34,0.3529,3298.3,-1149.37,1.565,14293.52,3.494,-0.0501
15,2.0,1.0,0.001,2.5,39,0.3846,2689.81,-1106.82,1.519,13783.44,3.493,-0.0864
15,1.0,1.25,0.001,2.0,42,0.4286,2190.44,-1133.93,1.449,12213.7,3.491,-0.0585
5,2.0,1.25,0.001,2.5,39,0.3846,2695.3,-1110.55,1.517,13776.41,3.482,-0.073
10,2.0,1.5,0.001,1.5,32,0.5,1585.65,-1082.82,1.464,8045.28,3.479,-0.0351
15,2.0,1.5,0.001,1.5,32,0.5,1585.65,-1082.82,1.464,8045.28,3.479,-0.0351
10,1.5,1.0,0.002,2.0,20,0.45,2100.41,-1081.93,1.588,7002.42,3.453,-0.03
15,1.5,1.0,0.002,2.0,20,0.45,2100.41,-1081.93,1.588,7002.42,3.453,-0.03
10,1.0,1.5,0.001,3.0,34,0.3529,3367.46,-1187.2,1.547,14291.15,3.45,-0.087
20,1.0,1.5,0.001,1.5,32,0.5,1604.88,-1101.9,1.456,8047.64,3.437,-0.0589
5,2.0,1.5,0.001,1.5,34,0.5,1592.42,-1088.28,1.463,8570.48,3.434,-0.0351
20,1.5,1.25,0.001,2.0,37,0.4324,2200.95,-1145.77,1.464,11154.06,3.422,-0.0593
20,2.5,1.25,0.001,2.5,31,0.3871,2648.82,-1088.46,1.537,11105.15,3.406,-0.0585
10,1.0,1.5,0.001,2.0,35,0.4286,2170.32,-1123.82,1.448,10078.37,3.393,-0.0685
10,3.0,1.5,0.001,1.5,30,0.5,1554.03,-1052.58,1.476,7521.84,3.38,-0.0297
15,3.0,1.5,0.001,1.5,30,0.5,1554.03,-1052.58,1.476,7521.84,3.38,-0.0297
20,1.5,1.25,0.001,3.0,34,0.3529,3303.77,-1152.54,1.564,14289.34,3.373,-0.0596
5,3.0,1.5,0.002,2.0,16,0.4375,2061.37,-1055.09,1.52,4933.74,3.367,-0.03
10,3.0,1.5,0.002,2.0,16,0.4375,2061.37,-1055.09,1.52,4933.74,3.367,-0.03
15,3.0,1.5,0.002,2.0,16,0.4375,2061.37,-1055.09,1.52,4933.74,3.367,-0.03
10,2.5,1.0,0.002,2.5,18,0.3889,2599.94,-1070.73,1.545,6421.57,3.358,-0.035
15,2.5,1.0,0.002,2.5,18,0.3889,2599.94,-1070.73,1.545,6421.57,3.358,-0.035
10,3.0,1.25,0.001,3.0,35,0.3429,3180.97,-1088.01,1.525,13147.56,3.346,-0.0585
5,3.0,1.5,0.001,1.5,32,0.5,1561.58,-1058.98,1.475,8041.66,3.345,-0.0297
10,3.0,1.0,0.001,3.0,38,0.3421,3182.66,-1085.73,1.524,14231.3,3.327,-0.0772
15,1.0,1.25,0.001,3.0,40,0.35,3416.44,-1206.08,1.525,16472.18,3.325,-0.0783
20,3.0,1.25,0.001,2.0,30,0.4333,2087.08,-1064.21,1.5,9040.4,3.32,-0.03
10,1.0,1.25,0.001,2.0,44,0.4318,2206.61,-1144.57,1.465,13311.44,3.32,-0.0596
20,1.5,1.25,0.001,2.5,36,0.3889,2767.77,-1158.54,1.52,13260.88,3.312,-0.0687
15,1.0,1.0,0.001,2.5,45,0.3778,2799.77,-1170.05,1.453,14834.7,3.312,-0.0865
10,2.0,1.25,0.001,2.5,37,0.3784,2669.66,-1097.85,1.48,12124.66,3.301,-0.0679
20,2.5,1.25,0.001,2.0,32,0.4375,2122.88,-1089.81,1.515,10103.77,3.291,-0.0585
5,2.5,1.25,0.001,3.0,38,0.3421,3209.63,-1100.54,1.517,14211.73,3.285,-0.0679
5,1.5,1.5,0.002,2.0,18,0.4444,2090.03,-1075.94,1.554,5960.81,3.281,-0.03
10,1.5,1.5,0.002,2.0,18,0.4444,2090.03,-1075.94,1.554,5960.81,3.281,-0.03
15,1.5,1.5,0.002,2.0,18,0.4444,2090.03,-1075.94,1.554,5960.81,3.281,-0.03
5,1.0,1.25,0.001,2.5,45,0.3778,2833.48,-1190.5,1.445,14835.12,3.28,-0.0865
5,3.0,1.0,0.001,3.0,41,0.3415,3211.14,-1098.09,1.516,15307.49,3.274,-0.0679
20,1.0,1.5,0.001,2.5,31,0.3871,2760.96,-1159.19,1.504,11106.85,3.249,-0.0823
5,2.0,1.5,0.001,2.0,33,0.4242,2099.61,-1073.39,1.441,9000.02,3.249,-0.04
5,1.5,1.0,0.002,2.5,20,0.4,2644.84,-1096.66,1.608,7998.81,3.233,-0.0305
15,2.0,1.25,0.001,3.0,36,0.3333,3186.25,-1092.64,1.458,12011.77,3.209,-0.0679
15,2.0,1.0,0.001,3.0,39,0.3333,3184.7,-1089.29,1.462,13079.54,3.2,-0.0865
20,2.5,1.5,0.001,1.5,28,0.5,1562.92,-1062.58,1.471,7004.78,3.197,-0.0297
5,2.5,1.0,0.003,2.5,5,0.4,2504.53,-1021.83,1.634,1943.58,3.195,-0.0199
10,2.5,1.0,0.003,2.5,5,0.4,2504.53,-1021.83,1.634,1943.58,3.195,-0.0199
15,2.5,1.0,0.003,2.5,5,0.4,2504.53,-1021.83,1.634,1943.58,3.195,-0.0199
5,3.0,1.0,0.003,2.5,5,0.4,2502.4,-1021.18,1.634,1941.26,3.193,-0.0198
10,3.0,1.0,0.003,2.5,5,0.4,2502.4,-1021.18,1.634,1941.26,3.193,-0.0198
15,3.0,1.0,0.003,2.5,5,0.4,2502.4,-1021.18,1.634,1941.26,3.193,-0.0198
5,2.0,1.0,0.001,1.5,47,0.4894,1626.02,-1114.73,1.398,10644.94,3.185,-0.0641
5,2.0,1.25,0.001,3.0,39,0.3333,3197.66,-1095.69,1.459,13081.65,3.178,-0.0685
15,1.5,1.0,0.001,2.5,42,0.381,2762.31,-1149.52,1.479,14309.51,3.166,-0.0772
10,1.0,1.25,0.001,2.5,43,0.3721,2775.7,-1157.11,1.422,13169.22,3.153,-0.0772
5,3.0,1.0,0.002,2.5,18,0.3889,2606.96,-1074.94,1.543,6424.4,3.126,-0.0297
10,2.0,1.5,0.001,2.0,31,0.4194,2087.16,-1065.92,1.414,7946.53,3.114,-0.0303
15,2.0,1.5,0.001,2.0,31,0.4194,2087.16,-1065.92,1.414,7946.53,3.114,-0.0303
20,1.0,1.25,0.001,1.5,39,0.4872,1609.53,-1102.48,1.387,8531.42,3.112,-0.0585
15,1.0,1.0,0.001,3.0,44,0.3409,3422.81,-1204.63,1.47,16407.79,3.108,-0.0966
10,2.5,1.0,0.002,2.0,18,0.4444,2081.65,-1069.02,1.558,5963.02,3.089,-0.03
15,2.5,1.0,0.002,2.0,18,0.4444,2081.65,-1069.02,1.558,5963.02,3.089,-0.03
15,2.0,1.0,0.001,2.0,40,0.425,2136.76,-1095.79,1.441,11121.66,3.084,-0.0775
10,1.5,1.5,0.001,2.5,32,0.375,2678.5,-1107.33,1.451,9995.37,3.047,-0.0402
15,1.5,1.5,0.001,2.5,32,0.375,2678.5,-1107.33,1.451,9995.37,3.047,-0.0402
5,1.0,1.25,0.001,1.5,47,0.4894,1644.25,-1131.87,1.392,10652.72,3.04,-0.0731
10,2.5,1.25,0.001,3.0,36,0.3333,3172.2,-1085.8,1.461,12007.15,3.012,-0.0679
15,1.5,1.0,0.001,2.0,43,0.4186,2189.39,-1132.83,1.392,11088.21,2.995,-0.0596
5,1.0,1.5,0.001,1.5,37,0.4865,1618.95,-1112.36,1.379,8006.31,2.995,-0.0776
20,3.0,1.0,0.001,2.5,32,0.375,2642.02,-1084.94,1.461,10005.42,2.991,-0.0678
15,1.0,1.0,0.001,2.0,46,0.413,2185.23,-1128.21,1.363,11057.61,2.953,-0.069
10,1.5,1.0,0.002,1.5,20,0.5,1551.33,-1055.49,1.47,4958.4,2.939,-0.0297
15,1.5,1.0,0.002,1.5,20,0.5,1551.33,-1055.49,1.47,4958.4,2.939,-0.0297
10,1.0,1.0,0.002,1.5,20,0.5,1551.41,-1055.68,1.47,4957.24,2.938,-0.0297
15,1.0,1.0,0.002,1.5,20,0.5,1551.41,-1055.68,1.47,4957.24,2.938,-0.0297
5,1.5,1.5,0.002,1.5,18,0.5,1547.73,-1053.35,1.469,4449.45,2.934,-0.0297
10,1.5,1.5,0.002,1.5,18,0.5,1547.73,-1053.35,1.469,4449.45,2.934,-0.0297
15,1.5,1.5,0.002,1.5,18,0.5,1547.73,-1053.35,1.469,4449.45,2.934,-0.0297
5,1.0,1.5,0.002,1.5,18,0.5,1547.96,-1053.74,1.469,4447.99,2.932,-0.0297
10,1.0,1.5,0.002,1.5,18,0.5,1547.96,-1053.74,1.469,4447.99,2.932,-0.0297
15,1.0,1.5,0.002,1.5,18,0.5,1547.96,-1053.74,1.469,4447.99,2.932,-0.0297
20,1.0,1.0,0.001,1.5,42,0.4762,1602.44,-1094.49,1.331,7969.98,2.905,-0.0585
10,2.0,1.0,0.001,2.5,41,0.3659,2665.84,-1095.05,1.404,11516.38,2.881,-0.0864
10,2.0,1.25,0.001,3.0,37,0.3243,3161.88,-1082.16,1.402,10888.52,2.878,-0.0679
20,1.5,1.5,0.001,2.0,31,0.4194,2152.24,-1112.84,1.397,7947.98,2.877,-0.0591
15,1.5,1.0,0.001,1.5,44,0.4773,1603.98,-1095.34,1.337,8490.83,2.835,-0.0444
5,1.5,1.0,0.002,2.0,21,0.4286,2098.04,-1079.17,1.458,5932.29,2.831,-0.0397
5,2.5,1.5,0.002,1.5,16,0.5,1542.46,-1048.94,1.47,3948.15,2.779,-0.0199
10,2.5,1.5,0.002,1.5,16,0.5,1542.46,-1048.94,1.47,3948.15,2.779,-0.0199
15,2.5,1.5,0.002,1.5,16,0.5,1542.46,-1048.94,1.47,3948.15,2.779,-0.0199
5,3.0,1.5,0.002,1.5,16,0.5,1541.67,-1049.31,1.469,3938.81,2.773,-0.0199
10,3.0,1.5,0.002,1.5,16,0.5,1541.67,-1049.31,1.469,3938.81,2.773,-0.0199
15,3.0,1.5,0.002,1.5,16,0.5,1541.67,-1049.31,1.469,3938.81,2.773,-0.0199
5,2.0,1.0,0.001,2.5,44,0.3636,2685.44,-1105.05,1.389,12025.6,2.765,-0.0914
20,2.5,1.0,0.002,1.5,16,0.5,1550.08,-1056.64,1.467,3947.54,2.761,-0.03
20,3.0,1.0,0.002,1.5,16,0.5,1549.78,-1056.46,1.467,3946.55,2.761,-0.03
5,1.0,1.5,0.001,3.0,36,0.3333,3364.49,-1181.52,1.424,12017.27,2.759,-0.1052
10,1.0,1.25,0.001,3.0,43,0.3256,3370.94,-1178.55,1.381,13015.33,2.749,-0.0875
5,1.5,1.25,0.001,1.5,44,0.4773,1628.49,-1117.88,1.33,8486.85,2.74,-0.0641
20,1.5,1.0,0.001,3.0,36,0.3333,3292.09,-1145.41,1.437,12015.33,2.733,-0.0783
5,2.5,1.0,0.002,2.5,19,0.3684,2595.72,-1067.73,1.418,5357.35,2.705,-0.035
10,2.5,1.0,0.001,3.0,40,0.325,3172.17,-1084.76,1.408,11949.59,2.694,-0.0864
5,2.5,1.0,0.001,3.0,43,0.3256,3201.25,-1096.84,1.409,13009.21,2.692,-0.0772
20,3.0,1.0,0.003,1.5,4,0.5,1501.44,-1014.06,1.481,974.76,2.664,-0.01
20,2.5,1.0,0.003,1.5,4,0.5,1502.72,-1015.58,1.48,974.28,2.659,-0.01
5,2.5,1.25,0.003,1.5,4,0.5,1502.72,-1015.83,1.479,973.77,2.658,-0.01
5,2.5,1.5,0.003,1.5,4,0.5,1502.72,-1015.83,1.479,973.77,2.658,-0.01
10,2.5,1.25,0.003,1.5,4,0.5,1502.72,-1015.83,1.479,973.77,2.658,-0.01
10,2.5,1.5,0.003,1.5,4,0.5,1502.72,-1015.83,1.479,973.77,2.658,-0.01
15,2.5,1.25,0.003,1.5,4,0.5,1502.72,-1015.83,1.479,973.77,2.658,-0.01
15,2.5,1.5,0.003,1.5,4,0.5,1502.72,-1015.83,1.479,973.77,2.658,-0.01
5,3.0,1.25,0.003,1.5,4,0.5,1501.44,-1015.36,1.479,972.16,2.655,-0.01
5,3.0,1.5,0.003,1.5,4,0.5,1501.44,-1015.36,1.479,972.16,2.655,-0.01
10,3.0,1.25,0.003,1.5,4,0.5,1501.44,-1015.36,1.479,972.16,2.655,-0.01
10,3.0,1.5,0.003,1.5,4,0.5,1501.44,-1015.36,1.479,972.16,2.655,-0.01
15,3.0,1.25,0.003,1.5,4,0.5,1501.44,-1015.36,1.479,972.16,2.655,-0.01
15,3.0,1.5,0.003,1.5,4,0.5,1501.44,-1015.36,1.479,972.16,2.655,-0.01
20,3.0,1.25,0.001,1.5,31,0.4839,1556.08,-1055.93,1.382,6446.29,2.655,-0.0297
5,2.0,1.0,0.001,3.0,44,0.3182,3185.45,-1090.43,1.363,11883.3,2.633,-0.087
10,2.0,1.0,0.001,3.0,41,0.3171,3157.19,-1079.09,1.358,10828.9,2.63,-0.0864
15,3.0,1.25,0.001,2.5,33,0.3636,2614.55,-1070.59,1.396,8892.3,2.616,-0.0585
20,2.5,1.0,0.001,2.5,33,0.3636,2635.22,-1082.21,1.391,8896.26,2.611,-0.0772
10,1.5,1.0,0.001,2.5,44,0.3636,2741.2,-1136.58,1.378,12034.82,2.568,-0.0772
15,1.5,1.0,0.001,3.0,40,0.325,3256.0,-1124.93,1.394,11954.98,2.56,-0.0864
5,1.0,1.0,0.001,1.5,53,0.4717,1638.71,-1123.73,1.302,9503.36,2.546,-0.0827
15,3.0,1.0,0.001,2.5,36,0.3611,2610.41,-1067.03,1.383,9393.71,2.537,-0.0772
15,1.5,1.25,0.001,3.0,37,0.3243,3258.56,-1128.26,1.386,10896.16,2.524,-0.069
20,3.0,1.0,0.001,2.0,32,0.4062,2075.52,-1058.44,1.342,6871.51,2.517,-0.0396
5,3.0,1.25,0.002,2.0,17,0.4118,2055.42,-1050.13,1.37,3886.66,2.516,-0.0302
10,3.0,1.25,0.002,2.0,17,0.4118,2055.42,-1050.13,1.37,3886.66,2.516,-0.0302
15,3.0,1.25,0.002,2.0,17,0.4118,2055.42,-1050.13,1.37,3886.66,2.516,-0.0302
10,1.0,1.0,0.001,2.0,49,0.4082,2202.28,-1138.61,1.334,11025.8,2.506,-0.0875
15,1.0,1.5,0.001,1.5,34,0.4706,1584.38,-1080.62,1.303,5898.95,2.503,-0.0588
10,1.0,1.0,0.001,2.5,48,0.3542,2774.42,-1152.89,1.32,11425.56,2.486,-0.0956
20,2.5,1.0,0.001,2.0,34,0.4118,2113.64,-1083.66,1.365,7917.7,2.458,-0.0772
5,2.5,1.0,0.002,2.0,19,0.4211,2079.07,-1066.21,1.418,4904.27,2.455,-0.0305
15,1.5,1.25,0.001,2.5,39,0.359,2733.26,-1134.58,1.349,9901.0,2.417,-0.078
10,2.0,1.0,0.001,2.0,42,0.4048,2118.72,-1084.59,1.328,8903.41,2.416,-0.0775
15,1.0,1.5,0.001,2.5,34,0.3529,2718.07,-1127.58,1.315,7810.14,2.412,-0.0823
15,2.0,1.25,0.001,2.0,37,0.4054,2118.09,-1085.66,1.33,7886.77,2.41,-0.0684
5,1.5,1.0,0.001,1.5,49,0.4694,1635.4,-1121.8,1.29,8447.25,2.4,-0.0783
5,1.0,1.0,0.001,2.5,51,0.3529,2833.05,-1183.49,1.306,11939.69,2.378,-0.1192
5,1.0,1.0,0.002,1.5,21,0.4762,1548.24,-1052.25,1.338,3907.66,2.37,-0.0297
5,1.5,1.0,0.002,1.5,21,0.4762,1548.07,-1052.07,1.338,3907.93,2.37,-0.0297
15,1.5,1.25,0.001,1.5,41,0.4634,1595.84,-1088.65,1.266,6370.75,2.35,-0.0451
10,1.5,1.0,0.001,2.0,45,0.4,2172.08,-1119.21,1.294,8878.65,2.345,-0.069
15,1.5,1.25,0.001,2.0,40,0.4,2174.1,-1122.16,1.292,7853.68,2.343,-0.0687
5,3.0,1.25,0.001,2.5,37,0.3514,2602.31,-1063.8,1.325,8298.73,2.286,-0.0585
10,1.0,1.0,0.001,3.0,48,0.3125,3375.39,-1176.13,1.305,11818.43,2.283,-0.1146
5,1.0,1.5,0.001,2.5,37,0.3514,2772.86,-1156.01,1.299,8302.86,2.273,-0.1095
20,2.5,1.0,0.001,1.5,36,0.4722,1582.08,-1078.09,1.313,6411.8,2.264,-0.0679
5,2.5,1.5,0.001,1.5,32,0.4688,1549.77,-1050.91,1.301,5381.2,2.26,-0.0297
10,1.5,1.25,0.001,3.0,38,0.3158,3233.45,-1115.88,1.337,9788.54,2.256,-0.069
5,1.5,1.5,0.001,2.5,34,0.3529,2673.75,-1103.59,1.322,7805.97,2.256,-0.0593
20,2.5,1.25,0.001,1.5,34,0.4706,1575.58,-1073.01,1.305,5895.17,2.225,-0.0585
5,2.0,1.0,0.001,2.0,45,0.4,2130.61,-1091.71,1.301,8874.61,2.225,-0.0958
5,2.0,1.25,0.001,2.0,40,0.4,2116.62,-1083.86,1.302,7853.19,2.212,-0.0778
10,2.5,1.5,0.001,1.5,30,0.4667,1542.64,-1045.04,1.292,4876.29,2.212,-0.0297
15,2.5,1.5,0.001,1.5,30,0.4667,1542.64,-1045.04,1.292,4876.29,2.212,-0.0297
5,1.0,1.25,0.001,3.0,45,0.3111,3365.82,-1172.75,1.296,10766.3,2.18,-0.1057
15,2.5,1.25,0.001,2.0,35,0.4,2090.62,-1068.23,1.305,6835.81,2.173,-0.0679
15,1.0,1.0,0.001,1.5,46,0.4565,1580.76,-1074.42,1.236,6335.56,2.166,-0.049
10,1.5,1.25,0.001,2.5,40,0.35,2713.26,-1122.38,1.302,8803.7,2.133,-0.078
5,2.0,1.0,0.005,2.5,3,0.3333,2448.22,-993.44,1.232,461.34,2.109,-0.01
10,2.0,1.0,0.005,2.5,3,0.3333,2448.22,-993.44,1.232,461.34,2.109,-0.01
15,2.0,1.0,0.005,2.5,3,0.3333,2448.22,-993.44,1.232,461.34,2.109,-0.01
20,2.0,1.0,0.005,2.5,3,0.3333,2448.22,-993.44,1.232,461.34,2.109,-0.01
10,1.5,1.5,0.001,2.0,33,0.3939,2128.63,-1093.51,1.265,5801.9,2.1,-0.0591
15,1.5,1.5,0.001,2.0,33,0.3939,2128.63,-1093.51,1.265,5801.9,2.1,-0.0591
10,1.5,1.25,0.001,2.0,41,0.3902,2157.44,-1109.68,1.244,6777.01,2.069,-0.0687
10,2.0,1.25,0.001,2.0,38,0.3947,2102.32,-1075.34,1.275,6802.0,2.048,-0.0685
10,1.5,1.0,0.001,1.5,46,0.4565,1591.0,-1083.04,1.234,6334.85,2.032,-0.05
10,1.0,1.5,0.001,2.5,35,0.3429,2715.72,-1124.23,1.26,6731.4,2.025,-0.0914
10,1.5,1.0,0.001,3.0,42,0.3095,3230.39,-1112.79,1.301,9724.14,2.019,-0.0864
10,3.0,1.25,0.001,2.5,35,0.3429,2579.33,-1053.48,1.277,6721.82,2.003,-0.0585
10,1.5,1.25,0.001,1.5,42,0.4524,1583.27,-1077.04,1.214,5310.33,2.003,-0.0451
15,2.5,1.0,0.001,2.0,38,0.3947,2085.37,-1064.11,1.278,6806.1,1.995,-0.0864
15,2.5,1.25,0.001,2.5,35,0.3429,2592.92,-1060.43,1.276,6725.14,1.995,-0.0679
10,1.0,1.5,0.001,1.5,35,0.4571,1582.28,-1077.72,1.236,4839.74,1.991,-0.0683
5,2.5,1.25,0.001,2.0,38,0.3947,2089.39,-1066.96,1.277,6800.7,1.988,-0.0679
10,3.0,1.0,0.001,2.5,38,0.3421,2574.27,-1049.89,1.275,7218.3,1.976,-0.0772
15,2.5,1.0,0.001,2.5,38,0.3421,2586.34,-1056.21,1.273,7217.09,1.968,-0.0864
5,2.5,1.25,0.001,2.5,38,0.3421,2597.18,-1061.57,1.272,7224.16,1.957,-0.0679
5,2.5,1.25,0.002,1.5,17,0.4706,1538.4,-1044.38,1.309,2907.77,1.942,-0.0253
10,2.5,1.25,0.002,1.5,17,0.4706,1538.4,-1044.38,1.309,2907.77,1.942,-0.0253
15,2.5,1.25,0.002,1.5,17,0.4706,1538.4,-1044.38,1.309,2907.77,1.942,-0.0253
5,3.0,1.25,0.002,1.5,17,0.4706,1537.76,-1044.2,1.309,2904.27,1.94,-0.0253
10,3.0,1.25,0.002,1.5,17,0.4706,1537.76,-1044.2,1.309,2904.27,1.94,-0.0253
15,3.0,1.25,0.002,1.5,17,0.4706,1537.76,-1044.2,1.309,2904.27,1.94,-0.0253
5,3.0,1.0,0.001,2.5,41,0.3415,2591.14,-1057.94,1.27,7711.48,1.935,-0.0679
15,1.0,1.25,0.001,1.5,42,0.4524,1586.22,-1079.54,1.214,5308.88,1.874,-0.0585
5,3.0,1.0,0.003,2.0,5,0.4,1997.85,-1013.85,1.314,954.16,1.836,-0.0199
10,3.0,1.0,0.003,2.0,5,0.4,1997.85,-1013.85,1.314,954.16,1.836,-0.0199
15,3.0,1.0,0.003,2.0,5,0.4,1997.85,-1013.85,1.314,954.16,1.836,-0.0199
5,2.5,1.0,0.003,2.0,5,0.4,1998.54,-1015.19,1.312,951.49,1.83,-0.0199
10,2.5,1.0,0.003,2.0,5,0.4,1998.54,-1015.19,1.312,951.49,1.83,-0.0199
15,2.5,1.0,0.003,2.0,5,0.4,1998.54,-1015.19,1.312,951.49,1.83,-0.0199
10,2.5,1.25,0.001,2.0,36,0.3889,2074.15,-1057.7,1.248,5768.78,1.808,-0.0679
5,1.5,1.0,0.001,2.5,47,0.3404,2730.8,-1128.43,1.249,8711.62,1.77,-0.1013
20,3.0,1.0,0.001,1.5,33,0.4545,1548.69,-1049.85,1.229,4332.97,1.769,-0.0443
10,3.0,1.0,0.002,2.0,18,0.3889,2049.47,-1045.37,1.248,2847.27,1.759,-0.0399
15,3.0,1.0,0.002,2.0,18,0.3889,2049.47,-1045.37,1.248,2847.27,1.759,-0.0399
20,1.5,1.5,0.001,1.5,31,0.4516,1570.93,-1068.66,1.211,3825.83,1.691,-0.0501
5,1.5,1.25,0.001,3.0,40,0.3,3227.97,-1111.82,1.244,7604.72,1.681,-0.0875
15,3.0,1.25,0.001,2.0,34,0.3824,2042.09,-1038.21,1.218,4744.74,1.667,-0.0588
10,2.5,1.25,0.001,2.5,36,0.3333,2574.16,-1050.81,1.225,5670.53,1.661,-0.0679
15,2.5,1.0,0.001,1.5,40,0.45,1560.61,-1058.81,1.206,4797.23,1.599,-0.0772
15,3.0,1.0,0.001,2.0,37,0.3784,2035.58,-1034.15,1.198,4712.67,1.585,-0.0602
10,1.0,1.25,0.001,1.5,45,0.4444,1584.29,-1077.01,1.177,4760.7,1.568,-0.0637
5,1.0,1.0,0.001,3.0,51,0.2941,3370.61,-1168.35,1.202,8498.5,1.565,-0.1409
5,1.5,1.25,0.001,2.5,42,0.3333,2709.34,-1117.53,1.212,6640.06,1.542,-0.0964
5,3.0,1.25,0.001,2.0,37,0.3784,2039.84,-1036.82,1.198,4710.82,1.51,-0.059
10,1.0,1.0,0.001,1.5,50,0.44,1578.49,-1071.59,1.157,4722.38,1.433,-0.0641
5,1.5,1.0,0.001,2.0,48,0.375,2163.55,-1109.92,1.17,5646.22,1.41,-0.0966
5,1.5,1.25,0.001,2.0,43,0.3721,2153.35,-1103.74,1.156,4652.62,1.355,-0.0872
5,2.5,1.0,0.001,2.5,43,0.3256,2584.05,-1055.25,1.182,5574.31,1.347,-0.0772
10,2.5,1.0,0.001,2.5,40,0.325,2566.82,-1047.44,1.18,5087.78,1.336,-0.0864
10,2.5,1.0,0.001,2.0,40,0.375,2068.16,-1053.64,1.178,4681.37,1.315,-0.0864
15,3.0,1.25,0.001,1.5,34,0.4412,1532.15,-1036.45,1.167,3289.76,1.315,-0.0394
5,1.5,1.0,0.001,3.0,45,0.2889,3215.18,-1104.25,1.183,6461.42,1.283,-0.0972
10,3.0,1.25,0.001,2.0,35,0.3714,2026.04,-1029.28,1.163,3694.36,1.275,-0.059
5,1.5,1.5,0.001,2.0,35,0.3714,2125.26,-1087.8,1.154,3696.76,1.267,-0.0778
10,3.0,1.0,0.001,2.0,38,0.3684,2018.9,-1025.1,1.149,3662.23,1.211,-0.0604
5,2.5,1.0,0.001,2.0,43,0.3721,2079.21,-1059.89,1.162,4650.23,1.208,-0.0775
10,2.5,1.0,0.002,1.5,18,0.4444,1534.61,-1039.82,1.181,1878.67,1.197,-0.0351
10,3.0,1.0,0.002,1.5,18,0.4444,1533.86,-1039.34,1.181,1877.51,1.197,-0.035
15,2.5,1.0,0.002,1.5,18,0.4444,1534.61,-1039.82,1.181,1878.67,1.197,-0.0351
15,3.0,1.0,0.002,1.5,18,0.4444,1533.86,-1039.34,1.181,1877.51,1.197,-0.035
5,3.0,1.0,0.001,2.0,41,0.3659,2028.15,-1030.19,1.136,3637.46,1.101,-0.059
5,3.0,1.0,0.002,2.0,19,0.3684,2046.43,-1042.13,1.145,1819.4,1.079,-0.0405
15,3.0,1.0,0.001,1.5,37,0.4324,1526.26,-1031.96,1.127,2748.95,1.055,-0.0539
15,2.5,1.25,0.001,1.5,37,0.4324,1553.91,-1052.86,1.124,2752.44,1.01,-0.0679
5,3.0,1.25,0.001,1.5,37,0.4324,1527.2,-1032.77,1.127,2747.16,1.004,-0.0444
5,1.5,1.5,0.001,1.5,35,0.4286,1576.57,-1069.6,1.105,2256.64,0.916,-0.0689
10,3.0,1.25,0.001,1.5,35,0.4286,1519.5,-1026.95,1.11,2253.39,0.88,-0.0444
10,2.5,1.0,0.001,1.5,42,0.4286,1548.37,-1048.2,1.108,2713.83,0.857,-0.0772
10,1.5,1.5,0.001,1.5,33,0.4242,1553.1,-1051.5,1.088,1764.79,0.78,-0.0501
15,1.5,1.5,0.001,1.5,33,0.4242,1553.1,-1051.5,1.088,1764.79,0.78,-0.0501
5,2.5,1.25,0.001,1.5,40,0.425,1549.3,-1048.56,1.092,2221.18,0.751,-0.0679
10,3.0,1.0,0.001,1.5,38,0.4211,1513.93,-1022.46,1.077,1728.71,0.649,-0.0539
5,2.5,1.0,0.001,1.5,45,0.4222,1553.81,-1051.5,1.08,2183.47,0.639,-0.082
10,2.5,1.25,0.001,1.5,38,0.4211,1542.11,-1043.0,1.075,1727.74,0.622,-0.0679
5,2.5,1.0,0.002,1.5,19,0.4211,1532.67,-1036.43,1.075,860.66,0.526,-0.0447
5,3.0,1.0,0.002,1.5,19,0.4211,1531.86,-1036.13,1.075,857.49,0.524,-0.0447
5,3.0,1.0,0.001,1.5,41,0.4146,1517.95,-1025.53,1.048,1192.41,0.41,-0.0539
5,2.0,1.25,0.005,3.0,2,0.5,2963.86,-997.88,2.97,1965.98,0.0,0.0
5,2.0,1.5,0.005,3.0,2,0.5,2963.86,-997.88,2.97,1965.98,0.0,0.0
5,2.0,1.75,0.005,3.0,2,0.5,2963.86,-997.88,2.97,1965.98,0.0,0.0
10,2.0,1.25,0.005,3.0,2,0.5,2963.86,-997.88,2.97,1965.98,0.0,0.0
10,2.0,1.5,0.005,3.0,2,0.5,2963.86,-997.88,2.97,1965.98,0.0,0.0
10,2.0,1.75,0.005,3.0,2,0.5,2963.86,-997.88,2.97,1965.98,0.0,0.0
15,2.0,1.25,0.005,3.0,2,0.5,2963.86,-997.88,2.97,1965.98,0.0,0.0
15,2.0,1.5,0.005,3.0,2,0.5,2963.86,-997.88,2.97,1965.98,0.0,0.0
15,2.0,1.75,0.005,3.0,2,0.5,2963.86,-997.88,2.97,1965.98,0.0,0.0
20,2.0,1.25,0.005,3.0,2,0.5,2963.86,-997.88,2.97,1965.98,0.0,0.0
20,2.0,1.5,0.005,3.0,2,0.5,2963.86,-997.88,2.97,1965.98,0.0,0.0
20,2.0,1.75,0.005,3.0,2,0.5,2963.86,-997.88,2.97,1965.98,0.0,0.0
5,2.0,1.25,0.005,2.5,2,0.5,2469.89,-997.88,2.475,1472.0,0.0,0.0
5,2.0,1.5,0.005,2.5,2,0.5,2469.89,-997.88,2.475,1472.0,0.0,0.0
5,2.0,1.75,0.005,2.5,2,0.5,2469.89,-997.88,2.475,1472.0,0.0,0.0
10,2.0,1.25,0.005,2.5,2,0.5,2469.89,-997.88,2.475,1472.0,0.0,0.0
10,2.0,1.5,0.005,2.5,2,0.5,2469.89,-997.88,2.475,1472.0,0.0,0.0
10,2.0,1.75,0.005,2.5,2,0.5,2469.89,-997.88,2.475,1472.0,0.0,0.0
15,2.0,1.25,0.005,2.5,2,0.5,2469.89,-997.88,2.475,1472.0,0.0,0.0
15,2.0,1.5,0.005,2.5,2,0.5,2469.89,-997.88,2.475,1472.0,0.0,0.0
15,2.0,1.75,0.005,2.5,2,0.5,2469.89,-997.88,2.475,1472.0,0.0,0.0
20,2.0,1.25,0.005,2.5,2,0.5,2469.89,-997.88,2.475,1472.0,0.0,0.0
20,2.0,1.5,0.005,2.5,2,0.5,2469.89,-997.88,2.475,1472.0,0.0,0.0
20,2.0,1.75,0.005,2.5,2,0.5,2469.89,-997.88,2.475,1472.0,0.0,0.0
5,2.0,1.25,0.005,2.0,2,0.5,1975.91,-997.88,1.98,978.03,0.0,0.0
5,2.0,1.5,0.005,2.0,2,0.5,1975.91,-997.88,1.98,978.03,0.0,0.0
5,2.0,1.75,0.005,2.0,2,0.5,1975.91,-997.88,1.98,978.03,0.0,0.0
10,2.0,1.25,0.005,2.0,2,0.5,1975.91,-997.88,1.98,978.03,0.0,0.0
10,2.0,1.5,0.005,2.0,2,0.5,1975.91,-997.88,1.98,978.03,0.0,0.0
10,2.0,1.75,0.005,2.0,2,0.5,1975.91,-997.88,1.98,978.03,0.0,0.0
15,2.0,1.25,0.005,2.0,2,0.5,1975.91,-997.88,1.98,978.03,0.0,0.0
15,2.0,1.5,0.005,2.0,2,0.5,1975.91,-997.88,1.98,978.03,0.0,0.0
15,2.0,1.75,0.005,2.0,2,0.5,1975.91,-997.88,1.98,978.03,0.0,0.0
20,2.0,1.25,0.005,2.0,2,0.5,1975.91,-997.88,1.98,978.03,0.0,0.0
20,2.0,1.5,0.005,2.0,2,0.5,1975.91,-997.88,1.98,978.03,0.0,0.0
20,2.0,1.75,0.005,2.0,2,0.5,1975.91,-997.88,1.98,978.03,0.0,0.0
5,2.0,1.25,0.005,1.5,2,0.5,1481.93,-997.88,1.485,484.05,0.0,0.0
5,2.0,1.5,0.005,1.5,2,0.5,1481.93,-997.88,1.485,484.05,0.0,0.0
5,2.0,1.75,0.005,1.5,2,0.5,1481.93,-997.88,1.485,484.05,0.0,0.0
10,2.0,1.25,0.005,1.5,2,0.5,1481.93,-997.88,1.485,484.05,0.0,0.0
10,2.0,1.5,0.005,1.5,2,0.5,1481.93,-997.88,1.485,484.05,0.0,0.0
10,2.0,1.75,0.005,1.5,2,0.5,1481.93,-997.88,1.485,484.05,0.0,0.0
15,2.0,1.25,0.005,1.5,2,0.5,1481.93,-997.88,1.485,484.05,0.0,0.0
15,2.0,1.5,0.005,1.5,2,0.5,1481.93,-997.88,1.485,484.05,0.0,0.0
15,2.0,1.75,0.005,1.5,2,0.5,1481.93,-997.88,1.485,484.05,0.0,0.0
20,2.0,1.25,0.005,1.5,2,0.5,1481.93,-997.88,1.485,484.05,0.0,0.0
20,2.0,1.5,0.005,1.5,2,0.5,1481.93,-997.88,1.485,484.05,0.0,0.0
20,2.0,1.75,0.005,1.5,2,0.5,1481.93,-997.88,1.485,484.05,0.0,0.0
5,1.0,1.25,0.005,1.5,2,0.0,0.0,-994.23,0.0,-1988.46,0.0,-0.01
5,1.0,1.25,0.005,2.0,2,0.0,0.0,-994.23,0.0,-1988.46,0.0,-0.01
5,1.0,1.25,0.005,2.5,2,0.0,0.0,-994.23,0.0,-1988.46,0.0,-0.01
5,1.0,1.25,0.005,3.0,2,0.0,0.0,-994.23,0.0,-1988.46,0.0,-0.01
5,1.0,1.5,0.005,1.5,2,0.0,0.0,-994.23,0.0,-1988.46,0.0,-0.01
5,1.0,1.5,0.005,2.0,2,0.0,0.0,-994.23,0.0,-1988.46,0.0,-0.01
5,1.0,1.5,0.005,2.5,2,0.0,0.0,-994.23,0.0,-1988.46,0.0,-0.01
5,1.0,1.5,0.005,3.0,2,0.0,0.0,-994.23,0.0,-1988.46,0.0,-0.01
5,1.0,1.75,0.005,1.5,2,0.0,0.0,-994.23,0.0,-1988.46,0.0,-0.01
5,1.0,1.75,0.005,2.0,2,0.0,0.0,-994.23,0.0,-1988.46,0.0,-0.01
5,1.0,1.75,0.005,2.5,2,0.0,0.0,-994.23,0.0,-1988.46,0.0,-0.01
5,1.0,1.75,0.005,3.0,2,0.0,0.0,-994.23,0.0,-1988.46,0.0,-0.01
5,1.5,1.25,0.005,1.5,2,0.0,0.0,-993.26,0.0,-1986.52,0.0,-0.01
5,1.5,1.25,0.005,2.0,2,0.0,0.0,-993.26,0.0,-1986.52,0.0,-0.01
5,1.5,1.25,0.005,2.5,2,0.0,0.0,-993.26,0.0,-1986.52,0.0,-0.01
5,1.5,1.25,0.005,3.0,2,0.0,0.0,-993.26,0.0,-1986.52,0.0,-0.01
5,1.5,1.5,0.005,1.5,2,0.0,0.0,-993.26,0.0,-1986.52,0.0,-0.01
5,1.5,1.5,0.005,2.0,2,0.0,0.0,-993.26,0.0,-1986.52,0.0,-0.01
5,1.5,1.5,0.005,2.5,2,0.0,0.0,-993.26,0.0,-1986.52,0.0,-0.01
5,1.5,1.5,0.005,3.0,2,0.0,0.0,-993.26,0.0,-1986.52,0.0,-0.01
5,1.5,1.75,0.005,1.5,2,0.0,0.0,-993.26,0.0,-1986.52,0.0,-0.01
5,1.5,1.75,0.005,2.0,2,0.0,0.0,-993.26,0.0,-1986.52,0.0,-0.01
5,1.5,1.75,0.005,2.5,2,0.0,0.0,-993.26,0.0,-1986.52,0.0,-0.01
5,1.5,1.75,0.005,3.0,2,0.0,0.0,-993.26,0.0,-1986.52,0.0,-0.01
5,2.5,1.25,0.005,1.5,1,0.0,0.0,-999.92,0.0,-999.92,0.0,0.0
5,2.5,1.25,0.005,2.0,1,0.0,0.0,-999.92,0.0,-999.92,0.0,0.0
5,2.5,1.25,0.005,2.5,1,0.0,0.0,-999.92,0.0,-999.92,0.0,0.0
5,2.5,1.25,0.005,3.0,1,0.0,0.0,-999.92,0.0,-999.92,0.0,0.0
5,2.5,1.5,0.005,1.5,1,0.0,0.0,-999.92,0.0,-999.92,0.0,0.0
5,2.5,1.5,0.005,2.0,1,0.0,0.0,-999.92,0.0,-999.92,0.0,0.0
5,2.5,1.5,0.005,2.5,1,0.0,0.0,-999.92,0.0,-999.92,0.0,0.0
5,2.5,1.5,0.005,3.0,1,0.0,0.0,-999.92,0.0,-999.92,0.0,0.0
5,2.5,1.75,0.005,1.5,1,0.0,0.0,-999.92,0.0,-999.92,0.0,0.0
5,2.5,1.75,0.005,2.0,1,0.0,0.0,-999.92,0.0,-999.92,0.0,0.0
5,2.5,1.75,0.005,2.5,1,0.0,0.0,-999.92,0.0,-999.92,0.0,0.0
5,2.5,1.75,0.005,3.0,1,0.0,0.0,-999.92,0.0,-999.92,0.0,0.0
5,3.0,1.25,0.005,1.5,1,0.0,0.0,-996.53,0.0,-996.53,0.0,0.0
5,3.0,1.25,0.005,2.0,1,0.0,0.0,-996.53,0.0,-996.53,0.0,0.0
5,3.0,1.25,0.005,2.5,1,0.0,0.0,-996.53,0.0,-996.53,0.0,0.0
5,3.0,1.25,0.005,3.0,1,0.0,0.0,-996.53,0.0,-996.53,0.0,0.0
5,3.0,1.5,0.005,1.5,1,0.0,0.0,-996.53,0.0,-996.53,0.0,0.0
5,3.0,1.5,0.005,2.0,1,0.0,0.0,-996.53,0.0,-996.53,0.0,0.0
5,3.0,1.5,0.005,2.5,1,0.0,0.0,-996.53,0.0,-996.53,0.0,0.0
5,3.0,1.5,0.005,3.0,1,0.0,0.0,-996.53,0.0,-996.53,0.0,0.0
5,3.0,1.75,0.005,1.5,1,0.0,0.0,-996.53,0.0,-996.53,0.0,0.0
5,3.0,1.75,0.005,2.0,1,0.0,0.0,-996.53,0.0,-996.53,0.0,0.0
5,3.0,1.75,0.005,2.5,1,0.0,0.0,-996.53,0.0,-996.53,0.0,0.0
5,3.0,1.75,0.005,3.0,1,0.0,0.0,-996.53,0.0,-996.53,0.0,0.0
10,1.0,1.25,0.005,1.5,2,0.0,0.0,-994.23,0.0,-1988.46,0.0,-0.01
10,1.0,1.25,0.005,2.0,2,0.0,0.0,-994.23,0.0,-1988.46,0.0,-0.01
10,1.0,1.25,0.005,2.5,2,0.0,0.0,-994.23,0.0,-1988.46,0.0,-0.01
10,1.0,1.25,0.005,3.0,2,0.0,0.0,-994.23,0.0,-1988.46,0.0,-0.01
10,1.0,1.5,0.005,1.5,2,0.0,0.0,-994.23,0.0,-1988.46,0.0,-0.01
10,1.0,1.5,0.005,2.0,2,0.0,0.0,-994.23,0.0,-1988.46,0.0,-0.01
10,1.0,1.5,0.005,2.5,2,0.0,0.0,-994.23,0.0,-1988.46,0.0,-0.01
10,1.0,1.5,0.005,3.0,2,0.0,0.0,-994.23,0.0,-1988.46,0.0,-0.01
10,1.0,1.75,0.005,1.5,2,0.0,0.0,-994.23,0.0,-1988.46,0.0,-0.01
10,1.0,1.75,0.005,2.0,2,0.0,0.0,-994.23,0.0,-1988.46,0.0,-0.01
10,1.0,1.75,0.005,2.5,2,0.0,0.0,-994.23,0.0,-1988.46,0.0,-0.01
10,1.0,1.75,0.005,3.0,2,0.0,0.0,-994.23,0.0,-1988.46,0.0,-0.01
10,1.5,1.25,0.005,1.5,2,0.0,0.0,-993.26,0.0,-1986.52,0.0,-0.01
10,1.5,1.25,0.005,2.0,2,0.0,0.0,-993.26,0.0,-1986.52,0.0,-0.01
10,1.5,1.25,0.005,2.5,2,0.0,0.0,-993.26,0.0,-1986.52,0.0,-0.01
10,1.5,1.25,0.005,3.0,2,0.0,0.0,-993.26,0.0,-1986.52,0.0,-0.01
10,1.5,1.5,0.005,1.5,2,0.0,0.0,-993.26,0.0,-1986.52,0.0,-0.01
10,1.5,1.5,0.005,2.0,2,0.0,0.0,-993.26,0.0,-1986.52,0.0,-0.01
10,1.5,1.5,0.005,2.5,2,0.0,0.0,-993.26,0.0,-1986.52,0.0,-0.01
10,1.5,1.5,0.005,3.0,2,0.0,0.0,-993.26,0.0,-1986.52,0.0,-0.01
10,1.5,1.75,0.005,1.5,2,0.0,0.0,-993.26,0.0,-1986.52,0.0,-0.01
10,1.5,1.75,0.005,2.0,2,0.0,0.0,-993.26,0.0,-1986.52,0.0,-0.01
10,1.5,1.75,0.005,2.5,2,0.0,0.0,-993.26,0.0,-1986.52,0.0,-0.01
10,1.5,1.75,0.005,3.0,2,0.0,0.0,-993.26,0.0,-1986.52,0.0,-0.01
10,2.5,1.25,0.005,1.5,1,0.0,0.0,-999.92,0.0,-999.92,0.0,0.0
10,2.5,1.25,0.005,2.0,1,0.0,0.0,-999.92,0.0,-999.92,0.0,0.0
10,2.5,1.25,0.005,2.5,1,0.0,0.0,-999.92,0.0,-999.92,0.0,0.0
10,2.5,1.25,0.005,3.0,1,0.0,0.0,-999.92,0.0,-999.92,0.0,0.0
10,2.5,1.5,0.005,1.5,1,0.0,0.0,-999.92,0.0,-999.92,0.0,0.0
10,2.5,1.5,0.005,2.0,1,0.0,0.0,-999.92,0.0,-999.92,0.0,0.0
10,2.5,1.5,0.005,2.5,1,0.0,0.0,-999.92,0.0,-999.92,0.0,0.0
10,2.5,1.5,0.005,3.0,1,0.0,0.0,-999.92,0.0,-999.92,0.0,0.0
10,2.5,1.75,0.005,1.5,1,0.0,0.0,-999.92,0.0,-999.92,0.0,0.0
10,2.5,1.75,0.005,2.0,1,0.0,0.0,-999.92,0.0,-999.92,0.0,0.0
10,2.5,1.75,0.005,2.5,1,0.0,0.0,-999.92,0.0,-999.92,0.0,0.0
10,2.5,1.75,0.005,3.0,1,0.0,0.0,-999.92,0.0,-999.92,0.0,0.0
10,3.0,1.25,0.005,1.5,1,0.0,0.0,-996.53,0.0,-996.53,0.0,0.0
10,3.0,1.25,0.005,2.0,1,0.0,0.0,-996.53,0.0,-996.53,0.0,0.0
10,3.0,1.25,0.005,2.5,1,0.0,0.0,-996.53,0.0,-996.53,0.0,0.0
10,3.0,1.25,0.005,3.0,1,0.0,0.0,-996.53,0.0,-996.53,0.0,0.0
10,3.0,1.5,0.005,1.5,1,0.0,0.0,-996.53,0.0,-996.53,0.0,0.0
10,3.0,1.5,0.005,2.0,1,0.0,0.0,-996.53,0.0,-996.53,0.0,0.0
10,3.0,1.5,0.005,2.5,1,0.0,0.0,-996.53,0.0,-996.53,0.0,0.0
10,3.0,1.5,0.005,3.0,1,0.0,0.0,-996.53,0.0,-996.53,0.0,0.0
10,3.0,1.75,0.005,1.5,1,0.0,0.0,-996.53,0.0,-996.53,0.0,0.0
10,3.0,1.75,0.005,2.0,1,0.0,0.0,-996.53,0.0,-996.53,0.0,0.0
10,3.0,1.75,0.005,2.5,1,0.0,0.0,-996.53,0.0,-996.53,0.0,0.0
10,3.0,1.75,0.005,3.0,1,0.0,0.0,-996.53,0.0,-996.53,0.0,0.0
15,1.0,1.25,0.005,1.5,2,0.0,0.0,-994.23,0.0,-1988.46,0.0,-0.01
15,1.0,1.25,0.005,2.0,2,0.0,0.0,-994.23,0.0,-1988.46,0.0,-0.01
15,1.0,1.25,0.005,2.5,2,0.0,0.0,-994.23,0.0,-1988.46,0.0,-0.01
15,1.0,1.25,0.005,3.0,2,0.0,0.0,-994.23,0.0,-1988.46,0.0,-0.01
15,1.0,1.5,0.005,1.5,2,0.0,0.0,-994.23,0.0,-1988.46,0.0,-0.01
15,1.0,1.5,0.005,2.0,2,0.0,0.0,-994.23,0.0,-1988.46,0.0,-0.01
15,1.0,1.5,0.005,2.5,2,0.0,0.0,-994.23,0.0,-1988.46,0.0,-0.01
15,1.0,1.5,0.005,3.0,2,0.0,0.0,-994.23,0.0,-1988.46,0.0,-0.01
15,1.0,1.75,0.005,1.5,2,0.0,0.0,-994.23,0.0,-1988.46,0.0,-0.01
15,1.0,1.75,0.005,2.0,2,0.0,0.0,-994.23,0.0,-1988.46,0.0,-0.01
15,1.0,1.75,0.005,2.5,2,0.0,0.0,-994.23,0.0,-1988.46,0.0,-0.01
15,1.0,1.75,0.005,3.0,2,0.0,0.0,-994.23,0.0,-1988.46,0.0,-0.01
15,1.5,1.25,0.005,1.5,2,0.0,0.0,-993.26,0.0,-1986.52,0.0,-0.01
15,1.5,1.25,0.005,2.0,2,0.0,0.0,-993.26,0.0,-1986.52,0.0,-0.01
15,1.5,1.25,0.005,2.5,2,0.0,0.0,-993.26,0.0,-1986.52,0.0,-0.01
15,1.5,1.25,0.005,3.0,2,0.0,0.0,-993.26,0.0,-1986.52,0.0,-0.01
15,1.5,1.5,0.005,1.5,2,0.0,0.0,-993.26,0.0,-1986.52,0.0,-0.01
15,1.5,1.5,0.005,2.0,2,0.0,0.0,-993.26,0.0,-1986.52,0.0,-0.01
15,1.5,1.5,0.005,2.5,2,0.0,0.0,-993.26,0.0,-1986.52,0.0,-0.01
15,1.5,1.5,0.005,3.0,2,0.0,0.0,-993.26,0.0,-1986.52,0.0,-0.01
15,1.5,1.75,0.005,1.5,2,0.0,0.0,-993.26,0.0,-1986.52,0.0,-0.01
15,1.5,1.75,0.005,2.0,2,0.0,0.0,-993.26,0.0,-1986.52,0.0,-0.01
15,1.5,1.75,0.005,2.5,2,0.0,0.0,-993.26,0.0,-1986.52,0.0,-0.01
15,1.5,1.75,0.005,3.0,2,0.0,0.0,-993.26,0.0,-1986.52,0.0,-0.01
15,2.5,1.25,0.005,1.5,1,0.0,0.0,-999.92,0.0,-999.92,0.0,0.0
15,2.5,1.25,0.005,2.0,1,0.0,0.0,-999.92,0.0,-999.92,0.0,0.0
15,2.5,1.25,0.005,2.5,1,0.0,0.0,-999.92,0.0,-999.92,0.0,0.0
15,2.5,1.25,0.005,3.0,1,0.0,0.0,-999.92,0.0,-999.92,0.0,0.0
15,2.5,1.5,0.005,1.5,1,0.0,0.0,-999.92,0.0,-999.92,0.0,0.0
15,2.5,1.5,0.005,2.0,1,0.0,0.0,-999.92,0.0,-999.92,0.0,0.0
15,2.5,1.5,0.005,2.5,1,0.0,0.0,-999.92,0.0,-999.92,0.0,0.0
15,2.5,1.5,0.005,3.0,1,0.0,0.0,-999.92,0.0,-999.92,0.0,0.0
15,2.5,1.75,0.005,1.5,1,0.0,0.0,-999.92,0.0,-999.92,0.0,0.0
15,2.5,1.75,0.005,2.0,1,0.0,0.0,-999.92,0.0,-999.92,0.0,0.0
15,2.5,1.75,0.005,2.5,1,0.0,0.0,-999.92,0.0,-999.92,0.0,0.0
15,2.5,1.75,0.005,3.0,1,0.0,0.0,-999.92,0.0,-999.92,0.0,0.0
15,3.0,1.25,0.005,1.5,1,0.0,0.0,-996.53,0.0,-996.53,0.0,0.0
15,3.0,1.25,0.005,2.0,1,0.0,0.0,-996.53,0.0,-996.53,0.0,0.0
15,3.0,1.25,0.005,2.5,1,0.0,0.0,-996.53,0.0,-996.53,0.0,0.0
15,3.0,1.25,0.005,3.0,1,0.0,0.0,-996.53,0.0,-996.53,0.0,0.0
15,3.0,1.5,0.005,1.5,1,0.0,0.0,-996.53,0.0,-996.53,0.0,0.0
15,3.0,1.5,0.005,2.0,1,0.0,0.0,-996.53,0.0,-996.53,0.0,0.0
15,3.0,1.5,0.005,2.5,1,0.0,0.0,-996.53,0.0,-996.53,0.0,0.0
15,3.0,1.5,0.005,3.0,1,0.0,0.0,-996.53,0.0,-996.53,0.0,0.0
15,3.0,1.75,0.005,1.5,1,0.0,0.0,-996.53,0.0,-996.53,0.0,0.0
15,3.0,1.75,0.005,2.0,1,0.0,0.0,-996.53,0.0,-996.53,0.0,0.0
15,3.0,1.75,0.005,2.5,1,0.0,0.0,-996.53,0.0,-996.53,0.0,0.0
15,3.0,1.75,0.005,3.0,1,0.0,0.0,-996.53,0.0,-996.53,0.0,0.0
20,1.0,1.25,0.005,1.5,2,0.0,0.0,-994.23,0.0,-1988.46,0.0,-0.01
20,1.0,1.25,0.005,2.0,2,0.0,0.0,-994.23,0.0,-1988.46,0.0,-0.01
20,1.0,1.25,0.005,2.5,2,0.0,0.0,-994.23,0.0,-1988.46,0.0,-0.01
20,1.0,1.25,0.005,3.0,2,0.0,0.0,-994.23,0.0,-1988.46,0.0,-0.01
20,1.0,1.5,0.005,1.5,2,0.0,0.0,-994.23,0.0,-1988.46,0.0,-0.01
20,1.0,1.5,0.005,2.0,2,0.0,0.0,-994.23,0.0,-1988.46,0.0,-0.01
20,1.0,1.5,0.005,2.5,2,0.0,0.0,-994.23,0.0,-1988.46,0.0,-0.01
20,1.0,1.5,0.005,3.0,2,0.0,0.0,-994.23,0.0,-1988.46,0.0,-0.01
20,1.0,1.75,0.005,1.5,2,0.0,0.0,-994.23,0.0,-1988.46,0.0,-0.01
20,1.0,1.75,0.005,2.0,2,0.0,0.0,-994.23,0.0,-1988.46,0.0,-0.01
20,1.0,1.75,0.005,2.5,2,0.0,0.0,-994.23,0.0,-1988.46,0.0,-0.01
20,1.0,1.75,0.005,3.0,2,0.0,0.0,-994.23,0.0,-1988.46,0.0,-0.01
20,1.5,1.25,0.005,1.5,2,0.0,0.0,-993.26,0.0,-1986.52,0.0,-0.01
20,1.5,1.25,0.005,2.0,2,0.0,0.0,-993.26,0.0,-1986.52,0.0,-0.01
20,1.5,1.25,0.005,2.5,2,0.0,0.0,-993.26,0.0,-1986.52,0.0,-0.01
20,1.5,1.25,0.005,3.0,2,0.0,0.0,-993.26,0.0,-1986.52,0.0,-0.01
20,1.5,1.5,0.005,1.5,2,0.0,0.0,-993.26,0.0,-1986.52,0.0,-0.01
20,1.5,1.5,0.005,2.0,2,0.0,0.0,-993.26,0.0,-1986.52,0.0,-0.01
20,1.5,1.5,0.005,2.5,2,0.0,0.0,-993.26,0.0,-1986.52,0.0,-0.01
20,1.5,1.5,0.005,3.0,2,0.0,0.0,-993.26,0.0,-1986.52,0.0,-0.01
20,1.5,1.75,0.005,1.5,2,0.0,0.0,-993.26,0.0,-1986.52,0.0,-0.01
20,1.5,1.75,0.005,2.0,2,0.0,0.0,-993.26,0.0,-1986.52,0.0,-0.01
20,1.5,1.75,0.005,2.5,2,0.0,0.0,-993.26,0.0,-1986.52,0.0,-0.01
20,1.5,1.75,0.005,3.0,2,0.0,0.0,-993.26,0.0,-1986.52,0.0,-0.01
20,2.5,1.25,0.005,1.5,1,0.0,0.0,-999.92,0.0,-999.92,0.0,0.0
20,2.5,1.25,0.005,2.0,1,0.0,0.0,-999.92,0.0,-999.92,0.0,0.0
20,2.5,1.25,0.005,2.5,1,0.0,0.0,-999.92,0.0,-999.92,0.0,0.0
20,2.5,1.25,0.005,3.0,1,0.0,0.0,-999.92,0.0,-999.92,0.0,0.0
20,2.5,1.5,0.005,1.5,1,0.0,0.0,-999.92,0.0,-999.92,0.0,0.0
20,2.5,1.5,0.005,2.0,1,0.0,0.0,-999.92,0.0,-999.92,0.0,0.0
20,2.5,1.5,0.005,2.5,1,0.0,0.0,-999.92,0.0,-999.92,0.0,0.0
20,2.5,1.5,0.005,3.0,1,0.0,0.0,-999.92,0.0,-999.92,0.0,0.0
20,2.5,1.75,0.005,1.5,1,0.0,0.0,-999.92,0.0,-999.92,0.0,0.0
20,2.5,1.75,0.005,2.0,1,0.0,0.0,-999.92,0.0,-999.92,0.0,0.0
20,2.5,1.75,0.005,2.5,1,0.0,0.0,-999.92,0.0,-999.92,0.0,0.0
20,2.5,1.75,0.005,3.0,1,0.0,0.0,-999.92,0.0,-999.92,0.0,0.0
20,3.0,1.25,0.005,1.5,1,0.0,0.0,-996.53,0.0,-996.53,0.0,0.0
20,3.0,1.25,0.005,2.0,1,0.0,0.0,-996.53,0.0,-996.53,0.0,0.0
20,3.0,1.25,0.005,2.5,1,0.0,0.0,-996.53,0.0,-996.53,0.0,0.0
20,3.0,1.25,0.005,3.0,1,0.0,0.0,-996.53,0.0,-996.53,0.0,0.0
20,3.0,1.5,0.005,1.5,1,0.0,0.0,-996.53,0.0,-996.53,0.0,0.0
20,3.0,1.5,0.005,2.0,1,0.0,0.0,-996.53,0.0,-996.53,0.0,0.0
20,3.0,1.5,0.005,2.5,1,0.0,0.0,-996.53,0.0,-996.53,0.0,0.0
20,3.0,1.5,0.005,3.0,1,0.0,0.0,-996.53,0.0,-996.53,0.0,0.0
20,3.0,1.75,0.005,1.5,1,0.0,0.0,-996.53,0.0,-996.53,0.0,0.0
20,3.0,1.75,0.005,2.0,1,0.0,0.0,-996.53,0.0,-996.53,0.0,0.0
20,3.0,1.75,0.005,2.5,1,0.0,0.0,-996.53,0.0,-996.53,0.0,0.0
20,3.0,1.75,0.005,3.0,1,0.0,0.0,-996.53,0.0,-996.53,0.0,0.0
5,3.0,1.0,0.003,1.5,5,0.4,1493.81,-1007.25,0.989,-34.12,-0.079,-0.0198
10,3.0,1.0,0.003,1.5,5,0.4,1493.81,-1007.25,0.989,-34.12,-0.079,-0.0198
15,3.0,1.0,0.003,1.5,5,0.4,1493.81,-1007.25,0.989,-34.12,-0.079,-0.0198
5,2.5,1.0,0.003,1.5,5,0.4,1495.09,-1008.56,0.988,-35.52,-0.082,-0.0199
10,2.5,1.0,0.003,1.5,5,0.4,1495.09,-1008.56,0.988,-35.52,-0.082,-0.0199
15,2.5,1.0,0.003,1.5,5,0.4,1495.09,-1008.56,0.988,-35.52,-0.082,-0.0199
5,1.5,1.75,0.003,3.0,4,0.25,2998.26,-1018.64,0.981,-57.65,-0.115,-0.0297
10,1.5,1.75,0.003,3.0,4,0.25,2998.26,-1018.64,0.981,-57.65,-0.115,-0.0297
15,1.5,1.75,0.003,3.0,4,0.25,2998.26,-1018.64,0.981,-57.65,-0.115,-0.0297
20,1.5,1.25,0.003,3.0,4,0.25,2998.26,-1018.64,0.981,-57.65,-0.115,-0.0297
20,1.5,1.5,0.003,3.0,4,0.25,2998.26,-1018.64,0.981,-57.65,-0.115,-0.0297
20,1.5,1.75,0.003,3.0,4,0.25,2998.26,-1018.64,0.981,-57.65,-0.115,-0.0297
5,1.0,1.75,0.003,3.0,4,0.25,2998.88,-1019.26,0.981,-58.91,-0.117,-0.0297
10,1.0,1.75,0.003,3.0,4,0.25,2998.88,-1019.26,0.981,-58.91,-0.117,-0.0297
15,1.0,1.75,0.003,3.0,4,0.25,2998.88,-1019.26,0.981,-58.91,-0.117,-0.0297
20,1.0,1.25,0.003,3.0,4,0.25,2998.88,-1019.26,0.981,-58.91,-0.117,-0.0297
20,1.0,1.5,0.003,3.0,4,0.25,2998.88,-1019.26,0.981,-58.91,-0.117,-0.0297
20,1.0,1.75,0.003,3.0,4,0.25,2998.88,-1019.26,0.981,-58.91,-0.117,-0.0297
5,2.0,1.0,0.005,2.0,3,0.3333,1958.58,-993.44,0.986,-28.31,-0.162,-0.01
10,2.0,1.0,0.005,2.0,3,0.3333,1958.58,-993.44,0.986,-28.31,-0.162,-0.01
15,2.0,1.0,0.005,2.0,3,0.3333,1958.58,-993.44,0.986,-28.31,-0.162,-0.01
20,2.0,1.0,0.005,2.0,3,0.3333,1958.58,-993.44,0.986,-28.31,-0.162,-0.01
5,1.5,1.75,0.003,2.5,4,0.25,2498.55,-1013.47,0.822,-541.84,-1.208,-0.0297
10,1.5,1.75,0.003,2.5,4,0.25,2498.55,-1013.47,0.822,-541.84,-1.208,-0.0297
15,1.5,1.75,0.003,2.5,4,0.25,2498.55,-1013.47,0.822,-541.84,-1.208,-0.0297
20,1.5,1.25,0.003,2.5,4,0.25,2498.55,-1013.47,0.822,-541.84,-1.208,-0.0297
20,1.5,1.5,0.003,2.5,4,0.25,2498.55,-1013.47,0.822,-541.84,-1.208,-0.0297
20,1.5,1.75,0.003,2.5,4,0.25,2498.55,-1013.47,0.822,-541.84,-1.208,-0.0297
5,1.0,1.75,0.003,2.5,4,0.25,2499.06,-1014.38,0.821,-544.07,-1.213,-0.0297
10,1.0,1.75,0.003,2.5,4,0.25,2499.06,-1014.38,0.821,-544.07,-1.213,-0.0297
15,1.0,1.75,0.003,2.5,4,0.25,2499.06,-1014.38,0.821,-544.07,-1.213,-0.0297
20,1.0,1.25,0.003,2.5,4,0.25,2499.06,-1014.38,0.821,-544.07,-1.213,-0.0297
20,1.0,1.5,0.003,2.5,4,0.25,2499.06,-1014.38,0.821,-544.07,-1.213,-0.0297
20,1.0,1.75,0.003,2.5,4,0.25,2499.06,-1014.38,0.821,-544.07,-1.213,-0.0297
5,1.0,1.25,0.003,3.0,5,0.2,2998.88,-1013.94,0.739,-1056.88,-1.886,-0.0394
5,1.0,1.5,0.003,3.0,5,0.2,2998.88,-1013.94,0.739,-1056.88,-1.886,-0.0394
10,1.0,1.25,0.003,3.0,5,0.2,2998.88,-1013.94,0.739,-1056.88,-1.886,-0.0394
10,1.0,1.5,0.003,3.0,5,0.2,2998.88,-1013.94,0.739,-1056.88,-1.886,-0.0394
15,1.0,1.25,0.003,3.0,5,0.2,2998.88,-1013.94,0.739,-1056.88,-1.886,-0.0394
15,1.0,1.5,0.003,3.0,5,0.2,2998.88,-1013.94,0.739,-1056.88,-1.886,-0.0394
20,1.0,1.0,0.003,3.0,5,0.2,2998.88,-1013.93,0.739,-1056.86,-1.886,-0.0394
20,1.5,1.0,0.003,3.0,5,0.2,2998.26,-1014.09,0.739,-1058.08,-1.888,-0.0394
5,1.5,1.25,0.003,3.0,5,0.2,2998.26,-1014.17,0.739,-1058.41,-1.889,-0.0394
5,1.5,1.5,0.003,3.0,5,0.2,2998.26,-1014.17,0.739,-1058.41,-1.889,-0.0394
10,1.5,1.25,0.003,3.0,5,0.2,2998.26,-1014.17,0.739,-1058.41,-1.889,-0.0394
10,1.5,1.5,0.003,3.0,5,0.2,2998.26,-1014.17,0.739,-1058.41,-1.889,-0.0394
15,1.5,1.25,0.003,3.0,5,0.2,2998.26,-1014.17,0.739,-1058.41,-1.889,-0.0394
15,1.5,1.5,0.003,3.0,5,0.2,2998.26,-1014.17,0.739,-1058.41,-1.889,-0.0394
5,1.5,1.75,0.003,2.0,4,0.25,1998.84,-1008.97,0.66,-1028.07,-2.606,-0.0297
10,1.5,1.75,0.003,2.0,4,0.25,1998.84,-1008.97,0.66,-1028.07,-2.606,-0.0297
15,1.5,1.75,0.003,2.0,4,0.25,1998.84,-1008.97,0.66,-1028.07,-2.606,-0.0297
20,1.5,1.25,0.003,2.0,4,0.25,1998.84,-1008.97,0.66,-1028.07,-2.606,-0.0297
20,1.5,1.5,0.003,2.0,4,0.25,1998.84,-1008.97,0.66,-1028.07,-2.606,-0.0297
20,1.5,1.75,0.003,2.0,4,0.25,1998.84,-1008.97,0.66,-1028.07,-2.606,-0.0297
5,1.0,1.75,0.003,2.0,4,0.25,1999.25,-1009.27,0.66,-1028.55,-2.607,-0.0297
10,1.0,1.75,0.003,2.0,4,0.25,1999.25,-1009.27,0.66,-1028.55,-2.607,-0.0297
15,1.0,1.75,0.003,2.0,4,0.25,1999.25,-1009.27,0.66,-1028.55,-2.607,-0.0297
20,1.0,1.25,0.003,2.0,4,0.25,1999.25,-1009.27,0.66,-1028.55,-2.607,-0.0297
20,1.0,1.5,0.003,2.0,4,0.25,1999.25,-1009.27,0.66,-1028.55,-2.607,-0.0297
20,1.0,1.75,0.003,2.0,4,0.25,1999.25,-1009.27,0.66,-1028.55,-2.607,-0.0297
20,1.0,1.0,0.003,2.5,5,0.2,2499.06,-1008.76,0.619,-1535.96,-3.084,-0.0394
20,1.5,1.0,0.003,2.5,5,0.2,2498.55,-1008.69,0.619,-1536.21,-3.085,-0.0394
5,1.0,1.25,0.003,2.5,5,0.2,2499.06,-1009.03,0.619,-1537.05,-3.086,-0.0394
5,1.0,1.5,0.003,2.5,5,0.2,2499.06,-1009.03,0.619,-1537.05,-3.086,-0.0394
5,1.5,1.25,0.003,2.5,5,0.2,2498.55,-1008.89,0.619,-1536.99,-3.086,-0.0394
5,1.5,1.5,0.003,2.5,5,0.2,2498.55,-1008.89,0.619,-1536.99,-3.086,-0.0394
10,1.0,1.25,0.003,2.5,5,0.2,2499.06,-1009.03,0.619,-1537.05,-3.086,-0.0394
10,1.0,1.5,0.003,2.5,5,0.2,2499.06,-1009.03,0.619,-1537.05,-3.086,-0.0394
10,1.5,1.25,0.003,2.5,5,0.2,2498.55,-1008.89,0.619,-1536.99,-3.086,-0.0394
10,1.5,1.5,0.003,2.5,5,0.2,2498.55,-1008.89,0.619,-1536.99,-3.086,-0.0394
15,1.0,1.25,0.003,2.5,5,0.2,2499.06,-1009.03,0.619,-1537.05,-3.086,-0.0394
15,1.0,1.5,0.003,2.5,5,0.2,2499.06,-1009.03,0.619,-1537.05,-3.086,-0.0394
15,1.5,1.25,0.003,2.5,5,0.2,2498.55,-1008.89,0.619,-1536.99,-3.086,-0.0394
15,1.5,1.5,0.003,2.5,5,0.2,2498.55,-1008.89,0.619,-1536.99,-3.086,-0.0394
5,1.5,1.0,0.003,3.0,6,0.1667,2998.26,-1008.56,0.595,-2044.55,-3.328,-0.049
10,1.5,1.0,0.003,3.0,6,0.1667,2998.26,-1008.56,0.595,-2044.55,-3.328,-0.049
15,1.5,1.0,0.003,3.0,6,0.1667,2998.26,-1008.56,0.595,-2044.55,-3.328,-0.049
5,1.0,1.0,0.003,3.0,6,0.1667,2998.88,-1009.29,0.594,-2047.59,-3.332,-0.049
10,1.0,1.0,0.003,3.0,6,0.1667,2998.88,-1009.29,0.594,-2047.59,-3.332,-0.049
15,1.0,1.0,0.003,3.0,6,0.1667,2998.88,-1009.29,0.594,-2047.59,-3.332,-0.049
5,2.0,1.0,0.005,1.5,3,0.3333,1468.93,-993.44,0.739,-517.95,-3.938,-0.01
10,2.0,1.0,0.005,1.5,3,0.3333,1468.93,-993.44,0.739,-517.95,-3.938,-0.01
15,2.0,1.0,0.005,1.5,3,0.3333,1468.93,-993.44,0.739,-517.95,-3.938,-0.01
20,2.0,1.0,0.005,1.5,3,0.3333,1468.93,-993.44,0.739,-517.95,-3.938,-0.01
5,1.0,1.75,0.003,1.5,4,0.25,1499.44,-1004.34,0.498,-1513.57,-4.44,-0.0297
10,1.0,1.75,0.003,1.5,4,0.25,1499.44,-1004.34,0.498,-1513.57,-4.44,-0.0297
15,1.0,1.75,0.003,1.5,4,0.25,1499.44,-1004.34,0.498,-1513.57,-4.44,-0.0297
20,1.0,1.25,0.003,1.5,4,0.25,1499.44,-1004.34,0.498,-1513.57,-4.44,-0.0297
20,1.0,1.5,0.003,1.5,4,0.25,1499.44,-1004.34,0.498,-1513.57,-4.44,-0.0297
20,1.0,1.75,0.003,1.5,4,0.25,1499.44,-1004.34,0.498,-1513.57,-4.44,-0.0297
5,1.5,1.75,0.003,1.5,4,0.25,1499.13,-1004.47,0.497,-1514.29,-4.442,-0.0297
10,1.5,1.75,0.003,1.5,4,0.25,1499.13,-1004.47,0.497,-1514.29,-4.442,-0.0297
15,1.5,1.75,0.003,1.5,4,0.25,1499.13,-1004.47,0.497,-1514.29,-4.442,-0.0297
20,1.5,1.25,0.003,1.5,4,0.25,1499.13,-1004.47,0.497,-1514.29,-4.442,-0.0297
20,1.5,1.5,0.003,1.5,4,0.25,1499.13,-1004.47,0.497,-1514.29,-4.442,-0.0297
20,1.5,1.75,0.003,1.5,4,0.25,1499.13,-1004.47,0.497,-1514.29,-4.442,-0.0297
20,1.5,1.0,0.003,2.0,5,0.2,1998.84,-1003.26,0.498,-2014.21,-4.62,-0.0393
5,1.5,1.25,0.003,2.0,5,0.2,1998.84,-1003.8,0.498,-2016.37,-4.624,-0.0394
5,1.5,1.5,0.003,2.0,5,0.2,1998.84,-1003.8,0.498,-2016.37,-4.624,-0.0394
10,1.5,1.25,0.003,2.0,5,0.2,1998.84,-1003.8,0.498,-2016.37,-4.624,-0.0394
10,1.5,1.5,0.003,2.0,5,0.2,1998.84,-1003.8,0.498,-2016.37,-4.624,-0.0394
15,1.5,1.25,0.003,2.0,5,0.2,1998.84,-1003.8,0.498,-2016.37,-4.624,-0.0394
15,1.5,1.5,0.003,2.0,5,0.2,1998.84,-1003.8,0.498,-2016.37,-4.624,-0.0394
5,1.0,1.25,0.003,2.0,5,0.2,1999.25,-1004.29,0.498,-2017.9,-4.626,-0.0394
5,1.0,1.5,0.003,2.0,5,0.2,1999.25,-1004.29,0.498,-2017.9,-4.626,-0.0394
10,1.0,1.25,0.003,2.0,5,0.2,1999.25,-1004.29,0.498,-2017.9,-4.626,-0.0394
10,1.0,1.5,0.003,2.0,5,0.2,1999.25,-1004.29,0.498,-2017.9,-4.626,-0.0394
15,1.0,1.25,0.003,2.0,5,0.2,1999.25,-1004.29,0.498,-2017.9,-4.626,-0.0394
15,1.0,1.5,0.003,2.0,5,0.2,1999.25,-1004.29,0.498,-2017.9,-4.626,-0.0394
20,1.0,1.0,0.003,2.0,5,0.2,1999.25,-1004.25,0.498,-2017.76,-4.626,-0.0394
5,1.0,1.0,0.003,2.5,6,0.1667,2499.06,-1003.85,0.498,-2520.21,-4.626,-0.049
10,1.0,1.0,0.003,2.5,6,0.1667,2499.06,-1003.85,0.498,-2520.21,-4.626,-0.049
15,1.0,1.0,0.003,2.5,6,0.1667,2499.06,-1003.85,0.498,-2520.21,-4.626,-0.049
5,1.5,1.0,0.003,2.5,6,0.1667,2498.55,-1004.14,0.498,-2522.14,-4.629,-0.049
10,1.5,1.0,0.003,2.5,6,0.1667,2498.55,-1004.14,0.498,-2522.14,-4.629,-0.049
15,1.5,1.0,0.003,2.5,6,0.1667,2498.55,-1004.14,0.498,-2522.14,-4.629,-0.049
5,1.0,1.0,0.003,2.0,6,0.1667,1999.25,-998.98,0.4,-2995.66,-6.296,-0.049
5,1.5,1.0,0.003,2.0,6,0.1667,1998.84,-998.89,0.4,-2995.59,-6.296,-0.049
10,1.0,1.0,0.003,2.0,6,0.1667,1999.25,-998.98,0.4,-2995.66,-6.296,-0.049
10,1.5,1.0,0.003,2.0,6,0.1667,1998.84,-998.89,0.4,-2995.59,-6.296,-0.049
15,1.0,1.0,0.003,2.0,6,0.1667,1999.25,-998.98,0.4,-2995.66,-6.296,-0.049
15,1.5,1.0,0.003,2.0,6,0.1667,1998.84,-998.89,0.4,-2995.59,-6.296,-0.049
20,1.0,1.0,0.003,1.5,5,0.2,1499.44,-999.08,0.375,-2496.86,-6.661,-0.0394
5,1.0,1.25,0.003,1.5,5,0.2,1499.44,-999.38,0.375,-2498.07,-6.663,-0.0394
5,1.0,1.5,0.003,1.5,5,0.2,1499.44,-999.38,0.375,-2498.07,-6.663,-0.0394
10,1.0,1.25,0.003,1.5,5,0.2,1499.44,-999.38,0.375,-2498.07,-6.663,-0.0394
10,1.0,1.5,0.003,1.5,5,0.2,1499.44,-999.38,0.375,-2498.07,-6.663,-0.0394
15,1.0,1.25,0.003,1.5,5,0.2,1499.44,-999.38,0.375,-2498.07,-6.663,-0.0394
15,1.0,1.5,0.003,1.5,5,0.2,1499.44,-999.38,0.375,-2498.07,-6.663,-0.0394
20,1.5,1.0,0.003,1.5,5,0.2,1499.13,-999.13,0.375,-2497.41,-6.663,-0.0394
5,1.5,1.25,0.003,1.5,5,0.2,1499.13,-999.26,0.375,-2497.91,-6.664,-0.0394
5,1.5,1.5,0.003,1.5,5,0.2,1499.13,-999.26,0.375,-2497.91,-6.664,-0.0394
10,1.5,1.25,0.003,1.5,5,0.2,1499.13,-999.26,0.375,-2497.91,-6.664,-0.0394
10,1.5,1.5,0.003,1.5,5,0.2,1499.13,-999.26,0.375,-2497.91,-6.664,-0.0394
15,1.5,1.25,0.003,1.5,5,0.2,1499.13,-999.26,0.375,-2497.91,-6.664,-0.0394
15,1.5,1.5,0.003,1.5,5,0.2,1499.13,-999.26,0.375,-2497.91,-6.664,-0.0394
5,1.0,1.0,0.003,1.5,6,0.1667,1499.44,-994.11,0.302,-3471.13,-8.516,-0.049
5,1.5,1.0,0.003,1.5,6,0.1667,1499.13,-994.04,0.302,-3471.09,-8.516,-0.049
10,1.0,1.0,0.003,1.5,6,0.1667,1499.44,-994.11,0.302,-3471.13,-8.516,-0.049
10,1.5,1.0,0.003,1.5,6,0.1667,1499.13,-994.04,0.302,-3471.09,-8.516,-0.049
15,1.0,1.0,0.003,1.5,6,0.1667,1499.44,-994.11,0.302,-3471.13,-8.516,-0.049
15,1.5,1.0,0.003,1.5,6,0.1667,1499.13,-994.04,0.302,-3471.09,-8.516,-0.049
5,1.0,1.0,0.005,1.5,3,0.0,0.0,-989.22,0.0,-2967.66,-34.365,-0.0199
5,1.0,1.0,0.005,2.0,3,0.0,0.0,-989.22,0.0,-2967.66,-34.365,-0.0199
5,1.0,1.0,0.005,2.5,3,0.0,0.0,-989.22,0.0,-2967.66,-34.365,-0.0199
5,1.0,1.0,0.005,3.0,3,0.0,0.0,-989.22,0.0,-2967.66,-34.365,-0.0199
10,1.0,1.0,0.005,1.5,3,0.0,0.0,-989.22,0.0,-2967.66,-34.365,-0.0199
10,1.0,1.0,0.005,2.0,3,0.0,0.0,-989.22,0.0,-2967.66,-34.365,-0.0199
10,1.0,1.0,0.005,2.5,3,0.0,0.0,-989.22,0.0,-2967.66,-34.365,-0.0199
10,1.0,1.0,0.005,3.0,3,0.0,0.0,-989.22,0.0,-2967.66,-34.365,-0.0199
15,1.0,1.0,0.005,1.5,3,0.0,0.0,-989.22,0.0,-2967.66,-34.365,-0.0199
15,1.0,1.0,0.005,2.0,3,0.0,0.0,-989.22,0.0,-2967.66,-34.365,-0.0199
15,1.0,1.0,0.005,2.5,3,0.0,0.0,-989.22,0.0,-2967.66,-34.365,-0.0199
15,1.0,1.0,0.005,3.0,3,0.0,0.0,-989.22,0.0,-2967.66,-34.365,-0.0199
20,1.0,1.0,0.005,1.5,3,0.0,0.0,-989.22,0.0,-2967.66,-34.365,-0.0199
20,1.0,1.0,0.005,2.0,3,0.0,0.0,-989.22,0.0,-2967.66,-34.365,-0.0199
20,1.0,1.0,0.005,2.5,3,0.0,0.0,-989.22,0.0,-2967.66,-34.365,-0.0199
20,1.0,1.0,0.005,3.0,3,0.0,0.0,-989.22,0.0,-2967.66,-34.365,-0.0199
5,1.5,1.0,0.005,1.5,3,0.0,0.0,-988.94,0.0,-2966.83,-34.385,-0.0199
5,1.5,1.0,0.005,2.0,3,0.0,0.0,-988.94,0.0,-2966.83,-34.385,-0.0199
5,1.5,1.0,0.005,2.5,3,0.0,0.0,-988.94,0.0,-2966.83,-34.385,-0.0199
5,1.5,1.0,0.005,3.0,3,0.0,0.0,-988.94,0.0,-2966.83,-34.385,-0.0199
10,1.5,1.0,0.005,1.5,3,0.0,0.0,-988.94,0.0,-2966.83,-34.385,-0.0199
10,1.5,1.0,0.005,2.0,3,0.0,0.0,-988.94,0.0,-2966.83,-34.385,-0.0199
10,1.5,1.0,0.005,2.5,3,0.0,0.0,-988.94,0.0,-2966.83,-34.385,-0.0199
10,1.5,1.0,0.005,3.0,3,0.0,0.0,-988.94,0.0,-2966.83,-34.385,-0.0199
15,1.5,1.0,0.005,1.5,3,0.0,0.0,-988.94,0.0,-2966.83,-34.385,-0.0199
15,1.5,1.0,0.005,2.0,3,0.0,0.0,-988.94,0.0,-2966.83,-34.385,-0.0199
15,1.5,1.0,0.005,2.5,3,0.0,0.0,-988.94,0.0,-2966.83,-34.385,-0.0199
15,1.5,1.0,0.005,3.0,3,0.0,0.0,-988.94,0.0,-2966.83,-34.385,-0.0199
20,1.5,1.0,0.005,1.5,3,0.0,0.0,-988.94,0.0,-2966.83,-34.385,-0.0199
20,1.5,1.0,0.005,2.0,3,0.0,0.0,-988.94,0.0,-2966.83,-34.385,-0.0199
20,1.5,1.0,0.005,2.5,3,0.0,0.0,-988.94,0.0,-2966.83,-34.385,-0.0199
20,1.5,1.0,0.005,3.0,3,0.0,0.0,-988.94,0.0,-2966.83,-34.385,-0.0199
5,3.0,1.0,0.005,1.5,2,0.0,0.0,-993.77,0.0,-1987.55,-2073.602,-0.01
5,3.0,1.0,0.005,2.0,2,0.0,0.0,-993.77,0.0,-1987.55,-2073.602,-0.01
5,3.0,1.0,0.005,2.5,2,0.0,0.0,-993.77,0.0,-1987.55,-2073.602,-0.01
5,3.0,1.0,0.005,3.0,2,0.0,0.0,-993.77,0.0,-1987.55,-2073.602,-0.01
10,3.0,1.0,0.005,1.5,2,0.0,0.0,-993.77,0.0,-1987.55,-2073.602,-0.01
10,3.0,1.0,0.005,2.0,2,0.0,0.0,-993.77,0.0,-1987.55,-2073.602,-0.01
10,3.0,1.0,0.005,2.5,2,0.0,0.0,-993.77,0.0,-1987.55,-2073.602,-0.01
10,3.0,1.0,0.005,3.0,2,0.0,0.0,-993.77,0.0,-1987.55,-2073.602,-0.01
15,3.0,1.0,0.005,1.5,2,0.0,0.0,-993.77,0.0,-1987.55,-2073.602,-0.01
15,3.0,1.0,0.005,2.0,2,0.0,0.0,-993.77,0.0,-1987.55,-2073.602,-0.01
15,3.0,1.0,0.005,2.5,2,0.0,0.0,-993.77,0.0,-1987.55,-2073.602,-0.01
15,3.0,1.0,0.005,3.0,2,0.0,0.0,-993.77,0.0,-1987.55,-2073.602,-0.01
20,3.0,1.0,0.005,1.5,2,0.0,0.0,-993.77,0.0,-1987.55,-2073.602,-0.01
20,3.0,1.0,0.005,2.0,2,0.0,0.0,-993.77,0.0,-1987.55,-2073.602,-0.01
20,3.0,1.0,0.005,2.5,2,0.0,0.0,-993.77,0.0,-1987.55,-2073.602,-0.01
20,3.0,1.0,0.005,3.0,2,0.0,0.0,-993.77,0.0,-1987.55,-2073.602,-0.01
5,2.5,1.0,0.005,1.5,2,0.0,0.0,-994.45,0.0,-1988.9,-2374.204,-0.01
5,2.5,1.0,0.005,2.0,2,0.0,0.0,-994.45,0.0,-1988.9,-2374.204,-0.01
5,2.5,1.0,0.005,2.5,2,0.0,0.0,-994.45,0.0,-1988.9,-2374.204,-0.01
5,2.5,1.0,0.005,3.0,2,0.0,0.0,-994.45,0.0,-1988.9,-2374.204,-0.01
10,2.5,1.0,0.005,1.5,2,0.0,0.0,-994.45,0.0,-1988.9,-2374.204,-0.01
10,2.5,1.0,0.005,2.0,2,0.0,0.0,-994.45,0.0,-1988.9,-2374.204,-0.01
10,2.5,1.0,0.005,2.5,2,0.0,0.0,-994.45,0.0,-1988.9,-2374.204,-0.01
10,2.5,1.0,0.005,3.0,2,0.0,0.0,-994.45,0.0,-1988.9,-2374.204,-0.01
15,2.5,1.0,0.005,1.5,2,0.0,0.0,-994.45,0.0,-1988.9,-2374.204,-0.01
15,2.5,1.0,0.005,2.0,2,0.0,0.0,-994.45,0.0,-1988.9,-2374.204,-0.01
15,2.5,1.0,0.005,2.5,2,0.0,0.0,-994.45,0.0,-1988.9,-2374.204,-0.01
15,2.5,1.0,0.005,3.0,2,0.0,0.0,-994.45,0.0,-1988.9,-2374.204,-0.01
20,2.5,1.0,0.005,1.5,2,0.0,0.0,-994.45,0.0,-1988.9,-2374.204,-0.01
20,2.5,1.0,0.005,2.0,2,0.0,0.0,-994.45,0.0,-1988.9,-2374.204,-0.01
20,2.5,1.0,0.005,2.5,2,0.0,0.0,-994.45,0.0,-1988.9,-2374.204,-0.01
20,2.5,1.0,0.005,3.0,2,0.0,0.0,-994.45,0.0,-1988.9,-2374.204,-0.01
