ticker,date,direction,entry_price,exit_price,exit_reason,r_multiple,win,or_range_pct,fvg_size_pct,rvol,confidence,entry_hour,entry_minute
AA,2026-03-11,bull,65.72,66.04757142857143,T1,2.0,1,7.962937298303277,0.04575960951800051,6.3977264538444905,0.6,11,35
AAOI,2026-02-18,bear,42.57,42.72508571428571,STOP,-1.0,0,5.679096818337329,0.18726591760299227,1.4975590981829967,0.5,10,16
AAOI,2026-02-19,bull,46.5,46.90005714285714,T1,2.0,1,8.546793237509265,0.10806137886318815,8.058600088842956,0.6,10,43
AAOI,2026-03-04,bull,102.5,103.8761142857143,T1,2.0,1,12.69264698251259,0.4036814647110935,4.6676078816524464,0.6,13,31
AAOI,2026-03-09,bull,105.87,108.02145714285713,T1,2.0,1,17.990509593563026,0.920421860019183,8.59900027343474,0.6,11,20
AAOI,2026-03-12,bear,106.19,107.36942857142857,STOP,-1.0,0,17.235019088062458,0.3450526904784151,13.49641621987347,0.6,11,7
AAOI,2026-03-19,bull,102.1156,103.44640000000001,T1,2.0,1,15.283934979945116,0.028363782688271274,14.264114430682246,0.6,12,0
AAOI,2026-03-20,bear,88.0,86.83594285714285,T1,2.0,1,17.973112719751803,0.19800859923059197,1.703788254558276,0.6,10,2
AAOI,2026-03-23,bull,96.05,95.33882857142856,STOP,-1.0,0,15.126050420168067,0.304887020493952,3.6610724598360496,0.6,11,9
AAPL,2026-01-29,bull,264.5348,262.0872428571428,STOP,-1.0,0,2.0386725284986116,0.21363371528452568,18.571773373181102,0.6,11,30
AAPL,2026-02-04,bull,278.93,278.19808571428575,STOP,-1.0,0,3.6816623860107525,0.07732422226217406,4.321079736639413,0.6,10,50
AAPL,2026-02-13,bear,257.8,256.8532857142857,T1,2.0,1,6.623807470995077,0.06624543352018637,3.498904800991717,0.6,10,7
AAPL,2026-02-19,bear,260.15,260.4632142857143,STOP,-1.0,0,2.002643565580412,0.10746497793131052,1.649596288189804,0.6,10,42
AAPL,2026-03-09,bull,258.9,260.0964857142857,T1,2.0,1,2.3347216519035605,0.3182859139075392,4.094300489813518,0.6,11,20
AAPL,2026-03-18,bear,250.29,250.59732857142856,STOP,-1.0,0,2.1062614846574905,0.04390166028097607,1.4657614039587876,0.5,10,33
ABBV,2026-02-17,bear,230.75,231.80034285714285,STOP,-1.0,0,1.9009594912694443,0.9061238512410948,2.3211488250652743,0.6,12,20
ABT,2026-03-20,bear,105.795,105.52545714285714,T1,2.0,1,3.200502039535609,0.010008441081437187,2.203928025402799,0.6,10,17
ABVX,2026-02-25,bear,122.89,123.13165714285714,STOP,-1.0,0,4.202067567820306,0.01218719532011746,6.780523928538369,0.6,10,18
ABVX,2026-03-11,bear,110.8,111.01571428571428,STOP,-1.0,0,3.7469070342877298,0.28295531102627236,7.531695374661187,0.6,10,11
ACN,2026-02-23,bear,202.525,201.34954285714286,T1,2.0,1,6.819644006004719,0.041871921182269935,1.8942572951857848,0.6,10,17
ACN,2026-03-09,bear,206.15,206.56428571428572,STOP,-1.0,0,4.494808212033577,0.05810012588360828,1.8970070637396326,0.75,10,10
ADBE,2026-02-06,bear,265.755,266.3300142857143,STOP,-1.0,0,3.4023668639053213,0.039473684210533155,1.7184731188823383,0.6,10,5
ADBE,2026-03-06,bull,283.9506,283.75928571428574,STOP,-1.0,0,3.106901496888739,0.028226660080440367,21.454545454545453,0.6,13,4
ADEA,2026-03-04,bull,20.83,20.790714285714284,STOP,-1.0,0,11.358150171515705,0.024044241404178913,2.610638746398707,0.6,10,46
ADPT,2026-02-17,bear,15.74,15.775,STOP,-1.0,0,7.9585302637597275,0.15842839036754486,4.078028912498828,0.6,10,50
AG,2026-02-10,bull,24.2535,24.186542857142857,STOP,-1.0,0,4.64330941325453,0.21836228287841725,2.2578731958202796,0.6,10,19
AG,2026-02-24,bull,29.355,29.54634285714286,T1,2.0,1,7.091197742106198,0.06818956699626023,1.8380696361914197,0.6,10,13
AG,2026-02-25,bear,29.36,29.482928571428573,STOP,-1.0,0,3.6400066789113366,0.06788866259334547,1.4901970737154677,0.5,10,29
AG,2026-02-27,bull,31.95,32.18,EOD,1.8271,1,3.607342378292096,0.03140703517588431,1.2807375459254695,0.5,10,42
AGRO,2026-02-20,bull,9.245,9.231785714285714,STOP,-1.0,0,5.622042861118831,0.10834236186348632,2.780906960490071,0.6,10,41
AGRO,2026-03-02,bull,9.36,9.333885714285714,STOP,-1.0,0,6.073992269464392,0.32258064516128343,2.3004710979677454,0.6,10,19
AGRO,2026-03-10,bull,10.35,10.282428571428571,STOP,-1.0,0,5.013651030032256,0.25124649423496676,2.0524892426614696,0.6,11,47
AGRO,2026-03-19,bull,14.535,14.505414285714286,STOP,-1.0,0,8.016492542922483,0.13831258644536357,26.88433345757237,0.6,11,2
AMD,2026-01-30,bear,235.47,236.31342857142857,STOP,-1.0,0,12.744133345260462,0.08899059242307802,1.6570493536801036,0.6,10,27
AMD,2026-02-02,bull,250.0,248.41384285714287,STOP,-1.0,0,9.851617100761851,0.3213109486705805,4.949054521240205,0.6,11,27
AMD,2026-03-06,bear,194.36,193.08425714285715,T1,2.0,1,3.1351132686084227,0.2406430802314264,27.33267937689689,0.6,10,11
AMD,2026-03-20,bear,198.87,199.4027142857143,STOP,-1.0,0,3.6424658210354983,0.025116793087849976,1.714429640728231,0.6,10,36
AMPX,2026-02-19,bull,10.295,10.401885714285713,T1,2.0,1,8.405063291139223,0.04280155642023739,3.883869137756713,0.6,10,40
AMZN,2026-03-06,bear,212.79,213.45002857142856,STOP,-1.0,0,3.049766646642943,0.10765774199587613,2.2392277321845113,0.6,10,51
ANDE,2026-03-12,bull,71.24,70.98538571428571,STOP,-1.0,0,6.007962359753899,0.10554461018857703,1.5236294896030245,0.6,10,30
AON,2026-03-11,bear,317.17,317.54017142857145,STOP,-1.0,0,7.5557813175232456,0.05978602894902383,1.798150698406453,0.6,11,47
APA,2026-02-27,bull,30.205,30.305028571428572,T1,2.0,1,4.281175885483449,0.016572754391776617,2.1654881072642116,0.6,10,12
APA,2026-03-09,bear,32.42,32.6805,STOP,-1.0,0,7.0211820471041255,0.10719754977028051,1.3016891160476636,0.5,11,37
APD,2026-03-12,bull,292.16,291.4650142857143,STOP,-1.0,0,5.664595398616409,0.16478423564144368,6.392389360846615,0.6,10,48
APGE,2026-03-19,bull,68.835,69.1892857142857,T1,2.0,1,4.168211822294724,0.3216374269005831,6.195156360216318,0.6,11,2
APGE,2026-03-20,bear,65.45,65.685,STOP,-1.0,0,6.653389392933548,0.09898728394123495,1.6470966704198167,0.6,11,19
APP,2026-02-09,bull,471.92,470.45738571428575,STOP,-1.0,0,14.801048984125323,0.05717021276596254,1.2159423553253772,0.5,12,5
APP,2026-02-11,bear,437.24,400.88451428571426,T1,2.0,1,8.062025690725713,0.46229090827880237,1.5420736645589594,0.6,11,7
ASTS,2026-02-10,bear,95.96,96.51095714285714,STOP,-1.0,0,6.9068481843622465,0.20347973204692038,4.184789797701837,0.6,10,54
ASTS,2026-02-12,bear,80.43,81.06942857142857,STOP,-1.0,0,10.899278465419126,0.16101884613054163,2.0383479934306643,0.6,10,11
ASTS,2026-02-24,bull,85.2499,84.86535714285714,STOP,-1.0,0,5.252379231417901,0.3164482229306892,1.7816323739316764,0.6,10,16
ASTS,2026-03-02,bull,85.12,86.05305714285716,T1,2.0,1,12.593703148425787,0.16507487324608014,1.630847355107036,0.6,10,18
ASTS,2026-03-10,bear,88.02,88.6244,STOP,-1.0,0,5.079400210258401,0.14634695485758806,5.366513552315745,0.6,10,14
ASTS,2026-03-18,bear,92.1338,91.28328571428573,T1,2.0,1,5.681949611074541,0.08120867927222118,1.7712499238717798,0.6,11,42
AVGO,2026-02-12,bear,332.22,330.2128000000001,T1,2.0,1,4.125715227178704,0.07810622446527003,1.981027000038407,0.6,10,3
AVGO,2026-03-09,bull,346.87,344.74035714285714,STOP,-1.0,0,8.617651895295769,0.03755054881571215,1.2378863973969016,0.5,11,29
AVGO,2026-03-19,bull,320.76,322.1939714285714,T1,2.0,1,3.843524979733284,0.04689111882210576,1.3933046390298183,0.5,10,58
AXTI,2026-02-19,bear,22.5,23.237042857142857,STOP,-1.0,0,8.596231208977335,0.4149377593361055,2.147195580011303,0.6,11,5
AXTI,2026-03-09,bull,37.5,38.07057142857143,T1,2.0,1,22.858926156543962,0.42335175947147485,3.326205889726159,0.6,11,20
B,2026-03-09,bull,45.45,45.65711428571429,T1,2.0,1,5.357748389284513,0.022084805653705852,2.658335209556091,0.6,11,19
B,2026-03-20,bear,36.885,36.69811428571429,T1,2.0,1,6.605504587155952,0.05412719891746448,1.9580427920585826,0.6,10,42
BA,2026-02-09,bull,245.41,244.97234285714285,STOP,-1.0,0,1.8537590113285274,0.06535680731996103,1.998150298116846,0.6,10,23
BABA,2026-03-09,bull,132.35,131.96055714285714,STOP,-1.0,0,3.217261104925731,0.023896235889119502,3.065513200153875,0.6,11,26
BABA,2026-03-13,bull,140.6655,139.21297142857142,STOP,-1.0,0,2.4297471398683306,4.134957062481489,2.2442712024568863,0.6,13,11
BAC,2026-01-30,bull,53.385,53.29851428571428,STOP,-1.0,0,2.4377519563670793,0.1220198986296184,2.788949400310462,0.6,10,50
BAC,2026-02-23,bear,49.611,50.0901,STOP,-1.0,0,4.766700234978179,3.0087976539589474,2.3547880690737832,0.6,13,4
BAC,2026-03-12,bear,46.85,46.93682857142857,STOP,-1.0,0,3.480813587754254,0.010665529010244364,1.2406732534419924,0.5,10,28
BBIO,2026-02-19,bear,70.75,70.89798571428571,STOP,-1.0,0,4.420500069070298,0.19016762924354264,5.040955970949449,0.6,10,11
BE,2026-03-06,bear,144.91,141.69865,T2,3.5,1,10.684931506849312,0.04135982288912168,3.2895479984254394,0.6,10,6
BE,2026-03-09,bull,150.99,153.70774285714288,T1,2.0,1,17.338041363407086,0.1530938123752449,1.7060027270753908,0.6,11,21
BJ,2026-02-23,bull,98.86,98.65035714285715,STOP,-1.0,0,2.959613606001434,0.13189935064934602,1.4373340657328573,0.5,10,2
BKR,2026-03-10,bear,59.225,59.40414285714286,STOP,-1.0,0,2.582257392753015,0.10107816711590678,2.5933264295894753,0.6,11,55
BKR,2026-03-13,bear,54.135,54.26087142857143,STOP,-1.0,0,4.6699743099168005,0.1748090900726817,1.8841382649936622,0.6,11,50
BMY,2026-03-19,bear,58.345,58.13502857142857,T1,2.0,1,2.2193985599322357,0.11120615911035898,1.860412814233595,0.6,11,46
BNTX,2026-02-10,bear,109.13,109.35214285714285,STOP,-1.0,0,3.0819140308191417,0.06398537477148757,13.578720462032782,0.6,10,50
BNTX,2026-02-12,bear,105.96,106.17068571428571,STOP,-1.0,0,3.612114476243406,0.08478568064060613,3.9317197232579693,0.6,10,29
BNTX,2026-02-19,bull,110.45,110.19678571428572,STOP,-1.0,0,3.87775828640015,0.09073586788858409,1.5431706733021688,0.6,10,58
BOX,2026-03-20,bull,24.75,24.704428571428572,STOP,-1.0,0,3.5203293875450345,0.02027575020275347,5.2058561837741655,0.6,11,22
BP,2026-02-12,bear,35.3195,35.60495714285714,STOP,-1.0,0,5.146100739333625,5.004034427111355,1.577287066246057,0.6,12,5
BP,2026-02-18,bull,38.495,38.451228571428565,STOP,-1.0,0,2.538972571203061,0.06501950585175183,3.2687703532241774,0.6,10,35
BP,2026-02-27,bull,38.935,38.90712857142857,STOP,-1.0,0,2.4190401872805305,0.012853470437024572,2.828738268351795,0.6,10,23
BRBR,2026-02-19,bull,18.86,18.809285714285714,STOP,-1.0,0,5.6799563080283955,0.05344735435594874,20.27091794831408,0.6,10,5
BRBR,2026-02-24,bull,18.405,18.357228571428575,STOP,-1.0,0,4.929675532655608,0.12005457025921974,2.4502750262602073,0.6,10,49
BRBR,2026-03-12,bear,16.96,16.865714285714287,T1,2.0,1,5.893238434163681,0.17564402810303037,2.63645174454193,0.6,10,23
BTSG,2026-03-09,bull,42.12,42.75749999999999,T2,3.5,1,7.849913601579855,0.16666666666666735,1.5077769034226147,0.6,11,27
BW,2026-02-20,bear,8.7478,8.793485714285714,STOP,-1.0,0,11.764705882352935,0.1132502831257054,17.83577034941631,0.6,10,58
BW,2026-03-04,bull,11.7404,11.633585714285713,STOP,-1.0,0,36.60262891809908,0.08677050490124102,2.26873224721669,0.6,10,12
C,2026-02-26,bear,113.89,112.59554285714285,T1,2.0,1,2.6237173658916753,0.4921714282222999,1.2008281573498965,0.65,11,39
C,2026-03-10,bear,103.2867,105.1036857142857,STOP,-1.0,0,5.4158021629685695,5.415109890109896,5.291139240506329,0.6,13,12
CAR,2026-03-11,bull,99.82,100.42999999999999,T1,2.0,1,5.785123966942144,0.32193158953721646,1.3067823895849373,0.5,11,17
CARG,2026-03-02,bull,31.36,31.25025714285714,STOP,-1.0,0,5.749958928864794,0.19206145966710075,2.745528682142632,0.6,10,56
CARG,2026-03-10,bear,32.48,32.57357142857143,STOP,-1.0,0,4.216867469879514,0.27556644213103587,2.330770920272348,0.6,10,20
CC,2026-02-27,bull,17.87,18.004285714285714,T1,2.0,1,6.1342592592592515,0.3384094754653058,2.6820616262085273,0.6,10,10
CCL,2026-03-18,bear,24.585,24.445285714285713,T1,2.0,1,4.023102967536339,0.04057618178128631,1.2643559822761898,0.5,10,52
CDE,2026-02-12,bear,21.2321,21.065557142857138,T1,2.0,1,8.904587279803817,0.07045561296383546,2.3053926663057847,0.6,10,21
CDE,2026-02-23,bear,24.38,24.480228571428572,STOP,-1.0,0,3.411412476276051,0.08190008190009469,2.1568000128778593,0.6,10,57
CE,2026-02-11,bull,60.5802,60.325199999999995,STOP,-1.0,0,6.6376589028239925,0.09118037135278467,1.6734093288761032,0.6,10,50
CE,2026-03-06,bear,49.95,49.63428571428572,T1,2.0,1,7.234494067714864,0.0995817566221953,4.927195472179769,0.6,10,15
CE,2026-03-12,bull,60.375,60.11042857142857,STOP,-1.0,0,17.359985593372954,0.2660458929165224,3.3971381678691235,0.6,10,4
CENX,2026-02-17,bull,47.98,48.39857142857142,T1,2.0,1,8.306153511632965,0.08380473496753876,4.528179679388876,0.6,10,12
CF,2026-03-09,bear,113.96,110.49679999999998,T2,3.5,1,8.561987508609288,0.6255158333695311,3.131312854444935,0.6,11,23
CF,2026-03-11,bull,120.55,120.95977142857143,T1,2.0,1,9.119701505488312,0.16618196925633805,3.0631229235880397,0.6,13,1
CIEN,2026-03-04,bull,354.01,351.7520285714286,STOP,-1.0,0,9.655672254839148,0.3725729533325764,2.0566318926974665,0.6,13,16
CLBT,2026-02-06,bull,14.14,14.111428571428572,STOP,-1.0,0,4.339963833634718,0.1418942887548746,3.584217552261811,0.6,10,51
CLBT,2026-02-13,bull,14.75,14.864099999999999,T2,3.5,1,9.91087344028521,0.20380434782608262,3.4231921266581087,0.6,14,16
CLBT,2026-02-19,bear,13.71,13.737100000000002,STOP,-1.0,0,3.43839541547277,0.03642987249543902,2.139161389130345,0.6,10,11
CLBT,2026-02-20,bear,13.205,13.239285714285714,STOP,-1.0,0,7.114566792604347,0.0604229607250823,8.02601039897307,0.6,10,56
CLBT,2026-03-04,bull,14.21,14.182857142857143,STOP,-1.0,0,3.949730700179525,0.07047216349541781,1.6054033872993245,0.6,10,5
CLDX,2026-03-09,bull,30.99,31.18108571428571,T1,2.0,1,9.426924381146144,0.2600780234070166,7.228547000854969,0.6,10,35
CMCSA,2026-02-09,bull,31.565,31.644971428571427,T1,2.0,1,2.5673940949935723,0.01585288522511908,2.636915923204803,0.6,10,29
CMCSA,2026-02-12,bear,31.905,31.779285714285717,T1,2.0,1,2.886916248552667,0.09386733416771319,2.3098033869371157,0.6,10,51
CMCSA,2026-03-06,bull,31.91,31.86,STOP,-1.0,0,2.9020902300111655,0.04705882352941355,1.774210761115825,0.6,10,40
CNR,2026-03-02,bull,86.98,86.73071428571428,STOP,-1.0,0,5.815124059927751,0.19035532994922938,4.052851736272492,0.6,10,48
COHR,2026-02-19,bull,232.315,231.69805714285712,STOP,-1.0,0,6.852819568542659,0.09063052954122805,1.2050631318427787,0.5,10,36
COHR,2026-02-26,bear,247.845,249.00428571428571,STOP,-1.0,0,10.68300223278182,0.17273238531373297,1.387507546491623,0.5,10,24
COHR,2026-03-02,bull,297.4023,296.2522285714286,STOP,-1.0,0,19.07322823044055,0.16537293283834256,3.694615802201056,0.75,10,50
CORZ,2026-02-10,bear,18.1348,18.196271428571425,STOP,-1.0,0,4.9737867993009655,0.13743815283123764,2.55393478975276,0.6,10,41
COST,2026-02-06,bull,1001.03,1000.0501571428571,STOP,-1.0,0,1.9182231196365473,0.06403586008164436,3.435737081332001,0.6,10,51
CPB,2026-02-26,bull,26.985,26.934485714285714,STOP,-1.0,0,3.2589243665819043,0.03711263685284101,2.7284407165503195,0.6,10,9
CPB,2026-03-04,bear,25.31,25.20605714285714,T1,2.0,1,4.286541803436955,0.13787669883789694,7.911801501251043,0.6,10,7
CPB,2026-03-12,bear,21.965,21.832685714285716,T1,2.0,1,5.811752911065911,0.15894641235240756,1.820143915700401,0.6,10,9
CPNG,2026-02-23,bear,18.3445,18.3784,STOP,-1.0,0,3.908993249851693,0.03484889735910316,5.6662186003528525,0.75,10,26
CRDO,2026-03-04,bull,108.0,106.69787142857143,STOP,-1.0,0,12.795879964345847,0.9067357512953287,6.104874919820397,0.6,12,16
CRM,2026-01-27,bear,213.7224,216.4055,STOP,-1.0,0,4.842917825646329,6.311415044713313,2.135231316725979,0.6,11,54
CRWV,2026-03-09,bull,73.7,73.99,EOD,0.4702,1,4.959598774031767,0.01367989056088251,2.93322471658973,0.6,11,25
CRWV,2026-03-10,bull,76.1,75.53999999999999,STOP,-1.0,0,3.10362089103955,0.18457481872116094,1.2990582320276152,0.5,12,40
CSCO,2026-02-18,bull,78.435,78.27268571428571,STOP,-1.0,0,2.601099967648017,0.07032798414424503,11.279806744316073,0.6,10,55
CSCO,2026-02-27,bull,79.11,78.99265714285714,STOP,-1.0,0,2.536510376633364,0.12034456549277789,1.211859279107961,0.5,10,8
CVE,2026-02-13,bull,21.875,21.95205714285714,T1,2.0,1,3.174382017253584,0.11454753722795936,1.4149675106430653,0.5,10,34
CVI,2026-03-04,bull,26.42,26.329128571428573,STOP,-1.0,0,8.056872037914689,0.20960365853659782,5.844654170204429,0.6,10,57
CVI,2026-03-09,bear,26.02,26.09642857142857,STOP,-1.0,0,8.660550458715594,0.11481056257174736,2.24063548585907,0.6,10,11
CVX,2026-02-18,bull,183.805,183.57864285714285,STOP,-1.0,0,2.0727640172303152,0.04910519423832574,2.2898233647566038,0.6,10,50
CVX,2026-03-19,bull,202.31,202.01882857142857,STOP,-1.0,0,1.7666433775825892,0.07938013179182031,1.4444189107318193,0.5,10,23
CXW,2026-03-13,bull,18.02,18.084285714285713,T1,2.0,1,3.968253968253964,0.0555864369094028,2.7560704234570323,0.6,11,0
CZR,2026-03-11,bull,27.23,28.2365,T2,3.5,1,2.8896166441918707,0.019519812609808933,75.0945128950792,0.6,11,17
DAL,2026-02-10,bear,74.52,74.69428571428571,STOP,-1.0,0,1.2430640027993995,0.020085698982325345,2.562207915741877,0.6,10,56
DAL,2026-02-19,bear,67.15,67.78,EOD,-13.2951,0,6.595707655778335,0.10395010395011493,3.175287356321839,0.6,14,59
DIA,2026-02-12,bear,494.3993,494.9242857142857,STOP,-1.0,0,2.030151961078752,0.09087604507451606,1.6398292419353604,0.6,10,51
DK,2026-02-26,bull,36.38,36.63742857142857,T1,2.0,1,9.630911188004623,0.30420353982302695,5.3598462656136485,0.6,10,59
DNLI,2026-02-10,bear,19.79,19.893542857142858,STOP,-1.0,0,10.380291796220991,0.5509944900550943,3.3530548054653764,0.6,10,56
DNLI,2026-02-13,bear,18.67,18.792,STOP,-1.0,0,7.262425959309813,0.10672358591248439,6.846188027677268,0.6,10,13
DNOW,2026-03-02,bull,12.0076,12.081514285714286,T1,2.0,1,7.840589127138829,0.04175365344468294,1.6349048330133449,0.6,10,43
DNOW,2026-03-03,bull,12.33,12.293985714285714,STOP,-1.0,0,5.6847588429814255,0.040683482506108884,1.6028541448058762,0.6,10,47
DOCN,2026-02-09,bull,66.0,64.9388,STOP,-1.0,0,7.752915222187207,0.9328643523474529,16.369047619047617,0.6,13,22
DOCN,2026-02-27,bull,55.7776,56.133314285714285,T1,2.0,1,8.715209446162493,0.21617726535760143,2.3799042136326256,0.6,10,9
DOCN,2026-03-02,bull,58.425,58.22607142857142,STOP,-1.0,0,9.522098454904787,0.06862240521530134,2.6759162564026058,0.6,10,5
DOCN,2026-03-04,bear,52.2,51.75385714285714,T1,2.0,1,8.440181781779591,0.019040365575028778,2.7925705829040806,0.6,10,11
DOCN,2026-03-09,bull,56.4,56.22157142857143,STOP,-1.0,0,9.94043186895012,0.12448870709585681,1.6773432894478286,0.6,10,24
DSGX,2026-03-02,bull,67.5414,67.38834285714286,STOP,-1.0,0,3.9867109634551507,0.10582481102711874,2.7280517548237646,0.6,11,41
DVN,2026-03-09,bear,44.46,44.73927142857143,STOP,-1.0,0,5.806592447063967,0.21281362007168203,1.5866341004687066,0.6,11,36
DYN,2026-03-02,bull,16.13,16.33,T2,3.5,1,14.077025232403725,0.6881451360650575,2.8890514584565574,0.6,10,51
DYN,2026-03-09,bull,17.46,17.675685714285716,T1,2.0,1,18.43260188087775,0.08640552995392033,1.2498531657465053,0.5,10,37
EL,2026-03-02,bear,102.94,102.25679999999998,T1,2.0,1,5.973940448751112,0.376411543287328,1.4353571778753447,0.5,10,5
EL,2026-03-11,bear,91.985,91.65811428571428,T1,2.0,1,4.222724315271637,0.043407487791650844,1.305786546299411,0.5,11,48
EMN,2026-02-27,bull,75.5,75.67071428571428,T1,2.0,1,2.617098376056909,0.0928381962864631,1.2048294495103005,0.5,10,9
EQNR,2026-03-06,bull,33.63,33.574485714285714,STOP,-1.0,0,6.511056511056503,0.014885382554318108,8.89287577304511,0.75,10,5
EQNR,2026-03-09,bear,33.12,32.779114285714286,T1,2.0,1,9.398657334666476,1.3013901212659118,2.03773941439247,0.6,11,23
ERAS,2026-03-02,bull,14.5,14.27,EOD,-2.2055,0,10.644868301544049,0.2768166089965462,2.269059637315386,0.6,10,24
ERAS,2026-03-13,bear,13.725,13.7872,STOP,-1.0,0,12.133605998636682,0.4329004329004237,4.487451596701285,0.6,11,23
EXPE,2026-02-05,bear,230.0,230.56357142857144,STOP,-1.0,0,4.3601010422636906,0.1342107541778519,1.6963908030292694,0.6,10,21
EXPE,2026-03-05,bull,250.46,252.2442285714286,T1,2.0,1,13.398658004047284,0.04793480866022391,1.4640682223004533,0.5,10,12
FCN,2026-02-25,bull,159.83,159.3857142857143,STOP,-1.0,0,1.9929771282148654,0.2924712246053232,1.6905690974509706,0.6,10,2
FCX,2026-02-25,bull,73.0148,72.27254285714284,STOP,-1.0,0,2.7890761185357373,6.0182953390445615,1.6881594372801876,0.6,12,30
FCX,2026-03-04,bear,63.3229,63.882485714285714,STOP,-1.0,0,5.52526354053071,3.9252010317099066,9.579831932773109,0.6,11,57
FCX,2026-03-09,bull,59.6,60.09217142857143,T1,2.0,1,6.721225840153229,0.10972316002700493,5.208312352716067,0.6,11,22
FCX,2026-03-16,bear,54.0891,54.717128571428574,STOP,-1.0,0,5.534358668845242,0.034441191665237,3.7541899441340782,0.6,13,36
FG,2026-03-04,bull,23.3,23.25714285714286,STOP,-1.0,0,3.22958701530552,0.021496130696470356,1.8183794752862734,0.6,10,49
FG,2026-03-05,bull,23.42,23.487114285714288,T1,2.0,1,1.8103448275862144,0.021832191780831872,1.5383981881820052,0.6,10,37
FSLY,2026-02-27,bull,18.5,18.601457142857143,T1,2.0,1,7.8111829165495745,0.13594344752582152,6.23851751700004,0.6,10,17
FSLY,2026-03-10,bull,22.94,22.817028571428573,STOP,-1.0,0,8.130819895525773,0.06558810668998936,2.857869930452344,0.6,10,11
FSLY,2026-03-13,bear,23.332,23.650314285714288,STOP,-1.0,0,7.941947188066918,5.038665038665037,1.266527487821851,0.5,13,12
FTAI,2026-03-11,bear,260.55,261.3635142857143,STOP,-1.0,0,7.0127470903380615,0.12239902080783092,2.1449458626412707,0.6,11,40
FTAI,2026-03-12,bear,237.63,238.4825,STOP,-1.0,0,12.354450365107564,0.020986358866741394,1.9780707665717934,0.6,11,50
FUTU,2026-02-17,bull,149.63,149.4006857142857,STOP,-1.0,0,2.416476456539565,0.22019038412481234,9.728238751978296,0.6,10,6
GAP,2026-03-06,bear,23.2361,23.314128571428572,STOP,-1.0,0,11.030980192991366,0.06440532417346745,1.372145508352866,0.5,10,10
GIS,2026-03-09,bear,43.42,43.54414285714286,STOP,-1.0,0,2.2172949002217326,0.0343839541547291,5.4962748237095465,0.6,11,50
GIS,2026-03-12,bear,39.575,39.426771428571435,T1,2.0,1,3.998267005013312,0.012626262626269086,1.934345995282083,0.6,11,5
GIS,2026-03-17,bear,38.745,38.80418571428571,STOP,-1.0,0,1.5106900524900868,0.02577984016498585,1.7621589118116237,0.6,11,32
GLD,2026-01-29,bear,471.53,479.9912,STOP,-1.0,0,7.692696078926381,0.6022486690921064,2.511689505354798,0.6,10,27
GLD,2026-01-30,bear,453.7729,448.77721428571425,T1,2.0,1,8.835172239535076,0.27721665972876997,2.9577876408534896,0.6,12,7
GLD,2026-02-06,bull,455.7,454.1577,STOP,-1.0,0,4.2538863011392305,0.030797659377896785,1.8015812271063247,0.6,10,6
GLD,2026-02-10,bear,460.64,461.7004285714286,STOP,-1.0,0,1.3754743014832693,0.13119328567257693,2.298599455075216,0.6,10,37
GLD,2026-02-12,bear,454.95,450.5458857142857,T1,2.0,1,2.3824722748174176,0.23723135821805702,6.2934479552530025,0.6,11,14
GLD,2026-02-23,bull,478.1893,477.3872,STOP,-1.0,0,1.9679759918719202,0.012557029843874738,1.358571836171325,0.5,10,20
GLD,2026-02-25,bull,479.0152,478.58534285714285,STOP,-1.0,0,1.1041837227365265,0.022983222247761986,4.13243659720322,0.6,11,46
GLD,2026-02-27,bull,482.07,481.32942857142854,STOP,-1.0,0,1.4177278715262591,0.010385294423099257,3.4866355300567227,0.6,10,57
GLD,2026-03-02,bear,483.52,485.26739999999995,STOP,-1.0,0,2.90498696219035,0.26553590910026975,3.713056145997944,0.6,11,2
GLD,2026-03-13,bear,464.85,463.01142857142867,T1,2.0,1,1.1842161515112573,0.04080580731068204,2.603421631274258,0.6,10,52
GLD,2026-03-17,bear,458.45,457.0404285714286,T1,2.0,1,1.026019240572232,0.03050042482734284,2.2946185558757604,0.6,11,35
GLNG,2026-03-09,bear,45.73,45.79714285714285,STOP,-1.0,0,7.251707829742503,0.10893246187363215,7.451255493428518,0.6,10,6
GOOGL,2026-02-11,bear,310.19,310.6009142857143,STOP,-1.0,0,3.4574468085106433,0.04505519261096231,7.186909112154497,0.6,10,22
GOOGL,2026-02-27,bull,311.07,309.8971142857143,STOP,-1.0,0,2.0621581748677493,0.07106402222366667,5.106880538977895,0.6,10,54
GRDN,2026-02-24,bear,32.465,32.24,T2,3.5,1,2.4037730108017628,0.36826760779498985,1.3249615581752947,0.5,10,12
GRDN,2026-03-02,bull,33.635,33.66,EOD,0.1651,1,2.3040433702281473,0.0898507462686488,2.233544938189108,0.6,10,58
GRDN,2026-03-09,bull,32.36,32.09357142857143,STOP,-1.0,0,5.264413518886683,0.3102699348433181,1.2356129798767357,0.5,11,28
GRDN,2026-03-19,bull,33.945,33.801785714285714,STOP,-1.0,0,11.853190719558437,0.16308376575240835,1.5753400333818672,0.6,10,7
GRDN,2026-03-20,bull,35.62,35.412299999999995,STOP,-1.0,0,5.566060718553138,0.35400736335315774,11.980050913702222,0.6,11,59
GS,2026-02-02,bull,948.62,946.7631571428572,STOP,-1.0,0,3.9075307308211094,0.05328015867991765,3.1427735517846696,0.6,10,6
GSIW,2026-03-09,bull,23.35,28.416285714285713,T1,2.0,1,106.0003553481574,3.163017031630163,1.542274337842335,0.6,10,6
HAL,2026-02-26,bull,36.05,35.97495714285714,STOP,-1.0,0,4.210937787685558,0.11125017382839424,2.207984312965459,0.6,10,2
HAL,2026-03-12,bear,34.885,34.97177142857142,STOP,-1.0,0,3.952968940958311,0.15721023295698075,1.9877352867481748,0.6,11,56
HAL,2026-03-20,bear,36.67,36.76112857142857,STOP,-1.0,0,2.673423523383368,0.04081077404434925,2.0407508811205735,0.6,10,10
HD,2026-02-19,bear,377.42,377.9621285714286,STOP,-1.0,0,2.2609780638386883,0.16117951698989508,4.681048835444378,0.6,10,51
HDB,2026-03-18,bear,28.245,28.120685714285717,T1,2.0,1,2.619172341540073,0.4221635883905048,6.7118997649323395,0.6,10,3
HIMS,2026-02-27,bear,14.6273,14.4805,T1,2.0,1,6.609385327164572,0.27365554799182223,1.6611067882941795,0.6,10,38
HIMS,2026-03-12,bear,24.5761,24.71127142857143,STOP,-1.0,0,13.188730044366908,0.10084711577248318,3.449517558762962,0.6,10,26
HIMS,2026-03-13,bear,23.3019,23.414942857142858,STOP,-1.0,0,5.889672335130658,0.4919023344084706,4.056952414387012,0.6,10,4
HNI,2026-03-16,bear,39.595,39.67285714285714,STOP,-1.0,0,3.44955949869711,0.10073029463610965,4.607934989496938,0.6,11,56
HNI,2026-03-17,bear,37.5,37.29291428571428,T1,2.0,1,7.690335811330429,0.05326231691077502,1.413323305660814,0.5,10,5
HOOD,2026-02-26,bull,79.37,79.10998571428573,STOP,-1.0,0,3.7101226009371593,0.06318716036902738,5.326356331334284,0.6,10,3
HPE,2026-03-09,bull,21.395,21.572142857142854,T1,2.0,1,3.6926742108397788,0.32871566095326005,1.4140571327512284,0.5,11,21
HRB,2026-02-25,bull,30.57,30.505714285714284,STOP,-1.0,0,4.184100418410042,0.23011176857329627,3.4565162315208537,0.6,10,50
HRB,2026-03-18,bear,30.64,30.74357142857143,STOP,-1.0,0,2.3483995496220054,0.16244314489928757,1.2600611156603887,0.5,10,40
HUT,2026-03-06,bear,47.87,47.38002857142857,T1,2.0,1,7.217321571772257,0.22750775594622424,8.01583641849251,0.6,10,11
HUT,2026-03-09,bull,48.23,48.798399999999994,T1,2.0,1,8.735233553701098,0.08333333333333157,1.9324320200201421,0.6,11,21
HUT,2026-03-13,bear,48.03,48.215199999999996,STOP,-1.0,0,7.638472305538892,0.08307372793353925,1.586899856149345,0.6,11,39
HUT,2026-03-17,bull,52.54,52.35874285714286,STOP,-1.0,0,3.9642440730664585,0.08609144824946355,6.487477231329691,0.6,10,6
HUT,2026-03-19,bull,49.46,49.28284285714286,STOP,-1.0,0,5.811894594313091,0.3254678600488277,2.596710013537351,0.6,10,13
HYMC,2026-02-20,bear,41.17,41.62388571428572,STOP,-1.0,0,10.847766636280761,0.19125029882858785,5.730903741015267,0.6,10,55
HYMC,2026-03-02,bull,55.58,53.4,EOD,-4.7407,0,13.461538461538462,0.19938372303788185,8.791543904511558,0.6,10,55
HYMC,2026-03-06,bear,39.19,38.784571428571425,T1,2.0,1,9.375429080379742,0.16520523573515752,2.9874335124274576,0.6,10,19
HYMC,2026-03-23,bull,32.605,32.44058571428571,STOP,-1.0,0,18.60933825999328,0.18495684340321294,1.515090135709945,0.6,10,34
INTC,2026-01-27,bull,44.63,45.089285714285715,T1,2.0,1,4.9382147870308595,0.0674763832658595,8.879305429571076,0.6,13,4
INTC,2026-02-05,bear,46.66,46.87181428571429,STOP,-1.0,0,8.346561523887559,0.10595465140919086,17.25970377050886,0.6,14,6
INTC,2026-02-24,bull,46.55,46.41914285714285,STOP,-1.0,0,6.61781034865646,0.02151925973746075,1.5658223063265388,0.6,10,37
INTC,2026-03-20,bear,44.195,43.929314285714284,T1,2.0,1,7.245982021247607,0.06791516245486767,2.1062418537880774,0.6,10,21
IONQ,2026-02-05,bear,30.9893,30.721842857142853,T1,2.0,1,12.060606060606062,0.024166263895602655,3.9357221880437567,0.6,10,3
IONQ,2026-03-09,bull,35.845,35.65,EOD,-0.6405,0,5.5220017256255245,0.1121704991587388,2.0577649349012432,0.6,11,26
IP,2026-02-18,bear,48.48,48.60455714285714,STOP,-1.0,0,2.285652540446424,0.04122861265717589,38.40957526489768,0.6,11,0
IP,2026-02-19,bear,46.771,46.863,STOP,-1.0,0,4.02052141137054,0.1703940362087442,3.0697547623286447,0.6,10,51
IP,2026-03-12,bear,36.98,36.792857142857144,T1,2.0,1,4.5922406967537475,0.04041492657955158,3.051836177376808,0.6,10,18
IREN,2026-02-09,bull,46.8232,46.5589,STOP,-1.0,0,17.462165308498253,0.0859291084855129,1.7360236624007965,0.6,10,2
IREN,2026-02-10,bear,43.37,43.60257142857142,STOP,-1.0,0,8.349900596421458,0.025776043009174243,1.7111383301999026,0.6,10,38
IREN,2026-03-10,bear,38.295,38.52707142857143,STOP,-1.0,0,5.08130081300813,0.41230900770278706,6.359324860586838,0.6,10,14
IREN,2026-03-16,bull,44.98,44.73075714285714,STOP,-1.0,0,8.083502464482457,0.4503370786516897,7.797078477990745,0.6,11,9
IREN,2026-03-20,bear,40.6,40.11582857142857,T1,2.0,1,4.688063469166974,0.1245678821248752,2.003155625680571,0.6,10,32
IWM,2026-01-28,bear,262.39,262.6625714285714,STOP,-1.0,0,1.5550747777452394,0.011422044545963341,8.09976892755199,0.6,14,2
IWM,2026-03-03,bear,254.1,254.9422857142857,STOP,-1.0,0,3.7260845222696313,0.07267584608434415,1.2009197984644895,0.5,10,19
IWM,2026-03-06,bear,249.975,250.43641428571428,STOP,-1.0,0,3.3267793944160364,0.019988806268482828,1.3136412474846262,0.5,12,42
IWM,2026-03-09,bull,251.48,252.7506571428571,T1,2.0,1,3.9901141426295093,0.3119500879859227,8.039250651222149,0.6,15,20
IWM,2026-03-19,bull,246.55,247.41857142857145,T1,2.0,1,1.8028710875548697,0.058991049633841254,2.4105022175953343,0.6,14,58
JD,2026-02-05,bear,27.2146,27.281542857142856,STOP,-1.0,0,2.3772797386806914,0.07336757153339371,3.144970525288176,0.6,11,36
JD,2026-02-25,bull,27.5001,27.524642857142858,T1,2.0,1,1.041761856894819,0.018185124568099672,1.2367209705953868,0.5,10,2
JD,2026-03-06,bull,27.275,27.22072857142857,STOP,-1.0,0,6.807623020764204,0.22058823529412602,3.3342520831484155,0.6,10,5
JPM,2026-03-05,bear,296.535,294.16305714285716,T1,2.0,1,1.5599417346974978,0.01683218313415633,2.2170195071682968,0.6,10,5
JPM,2026-03-11,bear,285.7351,286.67442857142856,STOP,-1.0,0,2.1666148467381046,0.047153335661889936,1.3454031174653454,0.5,10,27
JPM,2026-03-20,bull,289.92,289.3472857142857,STOP,-1.0,0,1.644678805316342,0.14867574856508883,2.522472387753998,0.6,12,50
KC,2026-02-18,bear,13.585,13.617257142857143,STOP,-1.0,0,5.403471103954188,0.07342143906020401,1.3739944647060345,0.5,10,11
KC,2026-03-11,bear,13.345,13.374285714285715,STOP,-1.0,0,5.038335158817083,0.26129152668906414,5.185925344372279,0.6,10,11
KHC,2026-03-06,bull,24.44,24.41302857142857,STOP,-1.0,0,3.9453084229203643,0.0204750204750164,2.346222997750132,0.6,10,11
KHC,2026-03-12,bear,22.575,22.4986,T1,2.0,1,2.8150572831423877,0.04247787610620573,1.6830377100688212,0.6,10,20
KHC,2026-03-18,bear,22.07,22.108914285714285,STOP,-1.0,0,5.026455026455029,0.15804922104312552,5.3406413888597415,0.6,10,2
KHC,2026-03-19,bear,21.785,21.721200000000003,T1,2.0,1,2.730106733871153,0.02292000916801539,2.8361064891846923,0.6,10,40
KMI,2026-03-09,bear,33.26,33.30484285714285,STOP,-1.0,0,3.325696548666026,0.040572828226668405,2.4357070176590296,0.6,10,8
KMI,2026-03-20,bear,33.235,33.1218,T1,2.0,1,1.6706443914081004,0.10513667768097504,1.3265475087027438,0.5,11,7
KO,2026-02-17,bull,79.565,79.48965714285714,STOP,-1.0,0,1.2763868433971628,0.01005972964476022,1.2548799207126193,0.5,10,27
KO,2026-03-02,bear,80.255,80.34852857142856,STOP,-1.0,0,2.106493007113678,0.031123560535332318,1.3041452351163354,0.5,10,52
KR,2026-02-13,bull,71.2,71.04857142857144,STOP,-1.0,0,3.0374331550802074,0.06329113924050873,10.35487630539232,0.6,10,59
KR,2026-02-23,bull,68.23,68.38351428571428,T1,2.0,1,3.2181168057210914,0.09179027757379937,4.671680773357321,0.6,10,29
KR,2026-02-24,bull,69.39,69.56199999999998,T1,2.0,1,2.5268385306360974,0.06494912318683944,4.219078418886128,0.6,10,45
KR,2026-03-06,bull,74.83,74.70714285714286,STOP,-1.0,0,5.95422474617106,0.013374348000541816,1.4866329144776758,0.5,10,26
KYIV,2026-02-19,bear,12.75,12.770714285714286,STOP,-1.0,0,4.519341248563768,0.11741682974560132,1.7857142857142856,0.6,10,8
KYIV,2026-03-02,bull,12.28,12.24,STOP,-1.0,0,7.369758576874215,0.08190008190008015,15.454761017580706,0.6,10,14
LASR,2026-03-02,bull,71.74,74.34137142857142,T1,2.0,1,23.84199388666825,0.6961216081829732,5.103076435141135,0.6,12,30
LASR,2026-03-06,bear,59.25,58.44634285714286,T1,2.0,1,8.000077636109845,0.37590844540973073,2.5044441058459035,0.6,10,28
LASR,2026-03-09,bull,60.1705,60.85992857142857,T1,2.0,1,8.315250412290599,0.470193115029389,2.675783710728562,0.6,11,21
LB,2026-03-09,bull,74.51,74.29071428571429,STOP,-1.0,0,5.986730720173342,0.09421265141319972,2.7037559074703594,0.6,11,27
LB,2026-03-17,bull,75.125,74.9596142857143,STOP,-1.0,0,5.053756077518315,0.214147092284008,7.329860527642413,0.6,10,8
LEGN,2026-02-17,bull,18.12,18.03542857142857,STOP,-1.0,0,3.3413961860831476,0.6117908787541682,2.3155090321593477,0.6,10,18
LION,2026-02-17,bull,8.215,8.26,EOD,1.313,1,3.853325046612798,0.12224938875305363,5.94834816517259,0.6,10,4
LION,2026-03-05,bull,9.95,9.921,STOP,-1.0,0,7.08333333333333,0.051360033837204284,2.8099623899478585,0.6,10,50
LMND,2026-02-23,bear,52.36,51.69145714285714,T1,2.0,1,8.75912408759125,0.2090857251473093,5.40952667770918,0.6,10,7
LNG,2026-02-18,bull,224.0899,223.81262857142858,STOP,-1.0,0,2.735015665825872,0.04377403663618182,1.4067333939945406,0.5,10,4
LPLA,2026-02-25,bull,320.2,319.57931428571425,STOP,-1.0,0,4.069535843464676,0.11572264097832688,3.181217445385991,0.6,10,24
LPLA,2026-03-19,bear,283.19,283.60965714285715,STOP,-1.0,0,2.8183716075156457,0.024702685534810736,2.7336851455143947,0.6,10,45
LUNR,2026-03-02,bull,17.96,17.869528571428575,STOP,-1.0,0,13.889716840536526,0.14001680201623398,5.261627906976744,0.6,10,55
LUNR,2026-03-09,bull,17.93,17.91,EOD,-0.1126,0,6.593406593406597,0.1122334455667765,1.7507404792253165,0.6,11,26
LUNR,2026-03-13,bear,17.465,17.55484285714286,STOP,-1.0,0,6.208425720620848,0.6246450880181682,3.6534728486379215,0.6,10,19
LUNR,2026-03-17,bull,18.91,18.820085714285714,STOP,-1.0,0,7.885304659498206,0.21276595744680396,9.1696796246288,0.6,11,2
LUNR,2026-03-18,bear,18.158,17.95134285714286,T1,2.0,1,5.509494517250608,0.027457440966515968,3.1682996689971685,0.6,11,25
LUNR,2026-03-19,bull,18.645,18.9364,T1,2.0,1,12.284730195177938,0.05420054200542853,3.8164542051671337,0.6,11,0
LYB,2026-03-18,bull,75.26,75.62574285714285,T1,2.0,1,5.592397620838181,0.01330317945989772,2.2974855422195333,0.6,10,26
M,2026-03-04,bull,19.28,19.233357142857145,STOP,-1.0,0,6.815132814596188,0.05200208008319298,2.1477604039759024,0.6,10,48
MAZE,2026-02-13,bear,46.17,46.46785714285715,STOP,-1.0,0,7.533249420722815,0.49276914836635644,6.846631271965902,0.6,10,56
MDB,2026-02-23,bear,299.73,300.9423428571429,STOP,-1.0,0,13.53388131827152,0.14640801251122942,3.49456777620837,0.6,10,11
MEOH,2026-03-19,bull,57.2,56.99285714285715,STOP,-1.0,0,7.570118907143508,0.03503240497459453,3.6638214051214706,0.6,10,2
MO,2026-02-27,bear,69.12,69.20322857142858,STOP,-1.0,0,1.9837433308268058,0.014895090838363483,1.365309440726651,0.65,10,16
MO,2026-03-03,bull,68.995,69.1910857142857,T1,2.0,1,2.1316338863861093,0.05061998604688003,1.6764959539057196,0.6,10,10
MO,2026-03-09,bull,66.94,66.8315,STOP,-1.0,0,1.7008811794062173,0.01496110113703008,2.5521335492047323,0.6,11,23
MO,2026-03-18,bear,65.33,65.41505714285714,STOP,-1.0,0,3.915097877446936,0.057341641500048654,4.294735864534803,0.6,11,21
MO,2026-03-20,bear,64.43,64.17017142857144,T1,2.0,1,1.7078236787445178,0.0929512006196782,3.929205958726254,0.6,11,11
MOD,2026-02-24,bull,236.85,236.03321428571425,STOP,-1.0,0,7.792709197081573,0.11017415992202674,4.1408287960223396,0.6,10,49
MOD,2026-03-02,bull,237.92,237.42659999999998,STOP,-1.0,0,13.612377338153731,0.08623772164145473,1.3586382312658971,0.5,10,7
MOD,2026-03-16,bull,200.05,199.36928571428572,STOP,-1.0,0,5.89370737356839,0.25118054857831806,2.3524478456861306,0.6,11,10
MOD,2026-03-19,bull,201.33,203.1700285714286,T1,2.0,1,5.019970140492813,0.4154777994693818,1.2191614953836838,0.5,11,2
MOS,2026-02-10,bull,30.205,30.167585714285714,STOP,-1.0,0,2.787658826551074,0.016570008285000843,2.3962529274004685,0.6,10,51
MOS,2026-02-11,bull,31.26,31.221700000000002,STOP,-1.0,0,3.9979949612789127,0.016015374759777573,1.9488075578939283,0.6,10,3
MRK,2026-02-19,bull,122.435,122.31392857142858,STOP,-1.0,0,1.5755138207445425,0.04365598430347495,1.5622038413009953,0.6,10,6
MRNA,2026-02-09,bull,41.78,41.65822857142857,STOP,-1.0,0,3.7616023448949663,0.0961538461538441,10.444771791721738,0.6,10,25
MRNA,2026-02-10,bear,39.06,37.83508571428572,T1,2.0,1,8.76347786189493,0.047505938242287715,586.1425061425061,0.6,13,0
MRNA,2026-02-13,bull,45.3954,44.45198571428572,STOP,-1.0,0,14.277173263183066,0.06915270238376026,4.067197170645446,0.6,12,40
MRNA,2026-02-19,bull,51.307,50.872885714285715,STOP,-1.0,0,9.682110949511747,2.716716716716715,1.2359807736324102,0.5,12,43
MRSH,2026-03-12,bear,171.77,171.40357142857144,T1,2.0,1,2.647675386956888,0.07847696555734301,1.7451909185630106,0.6,11,47
MRVL,2026-02-06,bull,80.62,80.39887142857144,STOP,-1.0,0,12.568414111440818,0.037267080745343024,1.5971015177197347,0.6,10,42
MRVL,2026-02-12,bull,92.7,90.39785714285715,STOP,-1.0,0,6.460481099656359,0.012738853503191231,4.51606033717835,0.6,11,52
MS,2026-01-26,bull,182.3,182.08742857142857,STOP,-1.0,0,2.922267679719462,0.016467230211878986,2.3074739158208533,0.6,10,5
MS,2026-02-13,bull,170.9,171.6337142857143,T1,2.0,1,4.364984453480019,0.117212682412247,2.1791973276028207,0.75,10,50
MSFT,2026-01-28,bear,460.0,464.84927142857146,STOP,-1.0,0,1.3176216306087194,0.020712510356259886,48.49179123601731,0.6,11,0
MSFT,2026-02-05,bear,395.08,396.0391142857142,STOP,-1.0,0,4.555949279567367,0.10595090941197646,1.7112754786835827,0.6,10,12
MSFT,2026-02-25,bull,400.6,406.85709999999995,T2,3.5,1,4.144086707044947,0.044998875028126,1.5621341943159792,0.6,10,27
MSFT,2026-03-19,bear,387.34,387.7527857142857,STOP,-1.0,0,2.540274777310012,0.05156499767957218,1.3989569055124376,0.5,10,30
MSFT,2026-03-20,bear,382.14,382.61782857142856,STOP,-1.0,0,2.150537634408603,0.020902463877940303,1.8354591045907536,0.6,10,22
MSTR,2026-02-06,bull,134.52,136.20037142857146,T1,2.0,1,22.415794188885098,0.397360923676714,3.9534423196735275,0.6,10,33
MSTR,2026-02-11,bear,124.1,124.66427142857142,STOP,-1.0,0,8.208609782440982,0.18448704580091763,2.1370423029385766,0.6,10,26
MSTR,2026-02-19,bull,127.9601,129.03452857142858,T1,2.0,1,4.8675046033143845,0.039915473115756384,2.7682018117932476,0.6,10,35
MSTR,2026-03-09,bull,139.86,138.89201428571428,STOP,-1.0,0,7.019234332728012,0.49790734593736297,1.3131955144284932,0.5,11,26
MTN,2026-02-20,bear,141.63,142.02785714285713,STOP,-1.0,0,2.6937667490342148,0.028188865398162115,2.0295466652807193,0.6,10,52
MU,2026-02-11,bull,412.0,410.80969999999996,STOP,-1.0,0,10.086816981447983,0.06518960302424007,1.412468271277102,0.5,10,19
MU,2026-03-06,bear,377.15,374.1345714285714,T1,2.0,1,5.999691532569013,0.01742914787310896,2.745807729020921,0.6,10,10
MU,2026-03-17,bull,458.87,460.9350857142857,T1,2.0,1,5.444540329720817,0.0939788001311347,3.9694484479760552,0.6,10,7
MU,2026-03-18,bear,447.856,455.53322857142854,STOP,-1.0,0,4.86303610013458,0.3861677757172551,1.8833448348285278,0.6,12,25
MUR,2026-02-27,bull,32.97,32.92071428571428,STOP,-1.0,0,6.362639084782954,0.060790273556240504,4.654465053433239,0.6,10,24
MUR,2026-03-13,bull,36.5,36.74214285714286,T1,2.0,1,6.7087440607049205,0.12371134020619026,2.857101111529147,0.6,10,12
MUSA,2026-02-24,bear,388.385,387.36285714285714,T1,2.0,1,2.8907305672135024,0.04372427983539504,4.138084632516704,0.6,10,25
MUSA,2026-02-27,bull,390.53,389.15071428571423,STOP,-1.0,0,2.836547219403033,0.01283466386015642,3.6836437461382294,0.6,10,59
NBIS,2026-02-18,bear,94.5688,95.98114285714286,STOP,-1.0,0,7.495785241862278,0.10811873402791372,2.2040147480540764,0.6,12,35
NBIS,2026-03-04,bull,98.125,97.73644285714286,STOP,-1.0,0,14.494971578487108,0.061236987140235025,2.1749651750457617,0.6,10,2
NBIS,2026-03-17,bear,113.585,114.0487,STOP,-1.0,0,13.351934676459734,0.05263619615754721,2.625756199218935,0.6,10,55
NCLH,2026-03-09,bull,20.195,20.432257142857146,T1,2.0,1,7.987551867219913,0.6294339622641498,4.3849871251563055,0.6,11,20
NCLH,2026-03-19,bull,20.0,19.83167142857143,STOP,-1.0,0,3.358778625954199,0.05030181086519901,1.6024369635789568,0.6,11,11
NEM,2026-02-26,bull,127.275,127.67617142857144,T1,2.0,1,3.6814725890356095,0.02359418010224234,1.4532370138512802,0.5,10,13
NESR,2026-02-19,bear,24.17,24.222857142857144,STOP,-1.0,0,4.609046520406043,0.22610483042137605,4.369986961160062,0.6,10,7
NET,2026-03-03,bull,182.65,181.35762857142856,STOP,-1.0,0,6.067479444286923,2.3020051529069194,5.98503740648379,0.6,12,43
NKE,2026-02-09,bear,62.495,62.58764285714285,STOP,-1.0,0,2.7123501248236668,0.07987858455147721,3.181830541657603,0.6,10,54
NN,2026-02-27,bear,16.095,15.967499999999994,T2,3.5,1,6.950269622528461,0.1857585139318736,2.688294930875576,0.6,10,39
NOW,2026-02-20,bear,103.915,104.18865714285715,STOP,-1.0,0,4.413079275464595,0.06721075372060238,1.4972029203407968,0.5,10,27
NOW,2026-02-24,bear,99.9,100.19804285714285,STOP,-1.0,0,5.392275929074565,0.04987531172069542,4.735488020582087,0.6,11,52
NTR,2026-03-11,bull,79.04,79.3175142857143,T1,2.0,1,5.180808933324689,0.057019766852511033,2.163443472319751,0.6,11,53
NVDA,2026-02-05,bear,171.245,171.80597142857144,STOP,-1.0,0,4.053331442228561,0.0670378034917839,2.124773646908299,0.6,10,52
NVDA,2026-02-12,bear,187.14,187.64332857142855,STOP,-1.0,0,3.350488394076265,0.0959385992964539,1.6749358901240352,0.6,10,43
NVDA,2026-03-06,bear,178.1175,175.41860000000003,T2,3.5,1,2.8405869255555967,0.23273113708820412,1.217375159240454,0.5,10,22
NVDA,2026-03-16,bull,185.13,184.87617142857144,STOP,-1.0,0,2.633379869152228,0.03247104665007158,3.190066005955494,0.6,10,7
NVO,2026-02-10,bear,49.035,49.11694285714285,STOP,-1.0,0,3.071572991520952,0.15267175572519662,1.5081570928884462,0.6,10,9
NVO,2026-02-17,bear,46.4546,47.073885714285716,STOP,-1.0,0,2.38518142603401,6.019801659714101,1.238696890870804,0.5,12,20
NVO,2026-03-05,bull,39.0597,39.43,EOD,3.9138,1,2.673588578844909,0.12830382345394986,1.646677336880833,0.6,10,49
NVT,2026-03-09,bull,107.64,108.38428571428572,T1,2.0,1,6.363746847020388,0.22404779686332607,6.997712015689035,0.6,11,21
NVTS,2026-03-02,bull,9.4101,9.545957142857143,T1,2.0,1,11.486486486486502,0.48283261802575034,2.5713847133728773,0.6,10,17
NVTS,2026-03-10,bull,8.73,8.677114285714286,STOP,-1.0,0,4.774535809018581,0.1143187066974598,8.460979313665574,0.6,11,16
OKLO,2026-03-06,bear,59.5801,59.139671428571425,T1,2.0,1,5.538361296628125,0.08518828451882612,3.522162591930034,0.6,10,13
OKLO,2026-03-13,bear,58.0701,58.33212857142857,STOP,-1.0,0,6.058582992572804,0.02181006354112188,3.163989328489527,0.6,11,22
OKTA,2026-02-05,bear,81.73,81.97607142857143,STOP,-1.0,0,4.225773627820676,0.061057516180238317,2.035948508947449,0.6,10,51
OKTA,2026-02-17,bear,80.7372,81.33331428571428,STOP,-1.0,0,7.833827893175068,1.5399999999999983,5.572755417956657,0.6,13,37
OKTA,2026-02-25,bull,73.0,72.77624285714286,STOP,-1.0,0,3.8325945059164432,0.18547777701450177,7.468905375096068,0.6,10,59
OKTA,2026-03-04,bear,71.49,71.75711428571428,STOP,-1.0,0,4.324028461959492,0.04183516943241797,1.9480437193093616,0.6,10,46
OLN,2026-02-27,bull,25.0316,25.147314285714284,T1,2.0,1,6.180469715698393,0.1401401401401407,1.8995445225312653,0.6,10,13
OLN,2026-03-12,bull,24.99,25.189999999999998,T1,2.0,1,6.105610561056107,0.040064102564094595,1.4959095988478754,0.5,11,28
ONDS,2026-03-18,bear,10.915,11.002828571428571,STOP,-1.0,0,7.205623901581709,0.09053870529651233,4.025932912275433,0.6,10,52
ORCL,2026-02-05,bear,137.0413,135.83635714285717,T1,2.0,1,9.251927484892681,0.0708013799356445,1.76421455203324,0.6,10,17
ORCL,2026-02-20,bear,147.4699,147.79892857142858,STOP,-1.0,0,7.2196899089575854,0.027100271002704637,2.1150298239804584,0.6,10,30
ORCL,2026-03-17,bear,153.7,154.0110714285714,STOP,-1.0,0,3.2744947556919772,0.04545454545454103,1.4940205990067914,0.5,11,22
ORLA,2026-02-26,bull,20.58,20.70708571428571,T1,2.0,1,4.219409282700429,0.09741841207988101,1.4949994464331846,0.5,10,7
ORLA,2026-03-17,bear,16.13,16.042142857142856,T1,2.0,1,5.294825511432005,0.030835646006777708,2.8148979356094985,0.6,11,6
OXY,2026-02-19,bull,51.945,51.849199999999996,STOP,-1.0,0,9.696173095394574,0.019291984180569134,2.569710224166211,0.6,10,22
OXY,2026-03-05,bear,53.235,53.42328571428571,STOP,-1.0,0,2.503477051460364,0.1777362020580093,1.4238395418237786,0.5,10,15
PARR,2026-03-04,bull,49.53,49.7864,T1,2.0,1,9.567759457577184,0.020416455258640557,1.7386616058142295,0.6,10,35
PARR,2026-03-06,bear,48.7,48.84428571428572,STOP,-1.0,0,4.694675794924714,0.020500205002045944,2.2706480867064807,0.6,10,55
PARR,2026-03-09,bear,47.08,47.25648571428571,STOP,-1.0,0,9.533427590385779,0.2010794793099775,2.127756387819391,0.6,10,11
PARR,2026-03-11,bull,51.02,51.214314285714295,T1,2.0,1,6.81403366457108,0.06871502895846979,2.651203758073987,0.6,11,37
PARR,2026-03-18,bull,55.82,56.85695,T2,3.5,1,6.527606451553064,0.053985963649453184,1.816708413142773,0.6,11,55
PBF,2026-02-10,bear,33.97,34.03928571428571,STOP,-1.0,0,5.208929593589011,0.058633831720891295,2.843008204993199,0.6,10,16
PBF,2026-02-24,bull,35.09,34.96287142857143,STOP,-1.0,0,3.983137083878464,0.04279600570613572,4.025457004035662,0.6,10,59
PBF,2026-03-05,bear,44.4585,44.841699999999996,STOP,-1.0,0,5.398345668262945,0.35658569199910095,2.5353312584592342,0.6,10,17
PBF,2026-03-18,bull,47.05,46.84428571428571,STOP,-1.0,0,6.593406593406594,0.25668449197860416,2.6462939597522337,0.6,11,56
PFE,2026-02-02,bull,26.585,26.664514285714283,T1,2.0,1,1.8223234624145668,0.03765060240964444,1.4195248598966672,0.5,10,47
PFE,2026-02-18,bull,29.325,29.027214285714283,STOP,-1.0,0,2.307203197383964,0.017197030402153306,2.2105631339629244,0.6,12,36
PFE,2026-02-20,bear,25.0156,25.995142857142856,STOP,-1.0,0,2.121069920225251,6.132833020637897,1.3238243815466906,0.5,12,32
PFE,2026-03-04,bear,25.705,25.85002857142857,STOP,-1.0,0,1.7699115044247746,3.437265214124728,1.8064516129032258,0.6,12,54
PFE,2026-03-11,bull,27.6471,27.573657142857144,STOP,-1.0,0,2.549043877620775,1.4099850711778343,15.017064846416382,0.6,13,7
PG,2026-02-27,bull,167.0,166.71318571428571,STOP,-1.0,0,2.611244984795047,0.026982461400082442,7.4777650583288935,0.6,10,58
PG,2026-03-12,bear,151.03,151.25187142857143,STOP,-1.0,0,2.5654219155254747,0.033049110978903395,2.2205347062962906,0.6,10,22
PI,2026-03-05,bear,101.21,99.7486,T1,2.0,1,15.914125063895046,0.014781966001478757,1.5076412444833498,0.6,10,36
PI,2026-03-06,bear,94.459,93.87042857142858,T1,2.0,1,9.316068980030796,0.2318474022552417,1.3289906440591372,0.5,10,45
PI,2026-03-09,bull,95.13,96.509,T1,2.0,1,8.221283134844406,0.25359256128486357,1.4005681091178954,0.5,11,33
PL,2026-02-24,bull,24.7914,24.69354285714286,STOP,-1.0,0,10.2309271260303,0.10119409026513715,2.0070096907809356,0.6,10,50
PL,2026-02-25,bear,24.61,24.764385714285712,STOP,-1.0,0,4.469826886289926,0.23809523809524233,2.89837254825026,0.6,10,51
PL,2026-03-10,bear,25.2409,25.393514285714286,STOP,-1.0,0,4.638577502899109,0.02644385417201983,3.1959421996906774,0.6,11,52
PL,2026-03-17,bull,26.5501,26.441814285714287,STOP,-1.0,0,8.100668501769572,0.05677517032549968,6.935402920068166,0.6,10,2
PL,2026-03-19,bull,26.66,26.949942857142858,T1,2.0,1,10.524066371979082,0.4729474082482028,1.5010868175425136,0.6,11,1
PLAB,2026-03-09,bull,33.4,33.59437142857142,T1,2.0,1,6.353633968696733,0.2416188462700039,1.8257777777777777,0.6,11,19
PLAB,2026-03-19,bull,36.55,36.73957142857142,T1,2.0,1,6.506185657422359,0.0274499039253308,3.8704311665572337,0.75,10,12
PTCT,2026-02-24,bear,68.62,68.74428571428571,STOP,-1.0,0,4.061529676291087,0.0872346612387355,4.706933019976498,0.6,10,4
PTEN,2026-03-11,bull,9.885,9.858600000000001,STOP,-1.0,0,5.678562125553529,0.050709939148080946,2.1873070998782747,0.6,10,55
PYPL,2026-02-11,bear,40.02,40.11571428571429,STOP,-1.0,0,4.610318331503844,0.012479720454250474,2.2071841280031603,0.6,10,32
PYPL,2026-03-12,bear,44.57,44.65184285714286,STOP,-1.0,0,3.296048712687802,0.022187359928271384,1.4437852410563987,0.5,10,28
QQQ,2026-01-27,bull,631.94,631.7292714285715,STOP,-1.0,0,1.0883013571542894,0.013123941298462028,1.4368350244834167,0.5,10,13
QQQ,2026-03-09,bull,604.44,607.1952857142857,T1,2.0,1,3.0963417029795313,0.11442216805134979,3.2653703749755425,0.6,11,21
QQQ,2026-03-16,bull,603.11,602.4157857142858,STOP,-1.0,0,1.590072642343723,0.01747204472843753,9.019678453261688,0.6,11,9
QXO,2026-02-25,bear,24.3219,24.2165,T1,2.0,1,4.531782634850607,0.12295081967212125,1.665106373855686,0.6,10,26
QXO,2026-03-18,bear,19.99,20.068571428571428,STOP,-1.0,0,6.896052818777866,0.07475703962123383,8.002870212575118,0.6,10,55
RCAT,2026-02-25,bear,12.4366,12.502342857142859,STOP,-1.0,0,6.2256809338521455,0.04001600640255307,6.601102834131417,0.6,10,54
RCAT,2026-02-26,bull,13.0,12.913957142857143,STOP,-1.0,0,8.681672025723472,0.34843205574914216,4.7635047953969885,0.6,10,58
RCAT,2026-03-17,bull,16.36,16.268371428571427,STOP,-1.0,0,6.656101426307452,0.2773497688751812,9.111339145779963,0.6,10,2
RKLB,2026-02-26,bull,72.665,72.23582857142857,STOP,-1.0,0,5.360162195150415,0.01892265193370172,3.2992637290180684,0.6,10,59
RKLB,2026-03-09,bull,71.84,71.20092857142858,STOP,-1.0,0,6.251347273119218,0.34960145434205003,1.6023393727330588,0.6,11,27
RKLB,2026-03-12,bear,68.63,68.952,EOD,-0.8562,0,5.520169851380031,0.17416545718433168,1.5923947618504153,0.6,11,47
RKLB,2026-03-13,bear,67.825,68.1628,STOP,-1.0,0,4.987423643550124,0.16131397565625377,3.357183287446901,0.6,11,21
RKLB,2026-03-17,bull,78.16,78.73665714285715,T1,2.0,1,10.486588489014693,0.1800514800514765,4.1716963285205395,0.6,11,54
RKLB,2026-03-18,bear,70.81,69.99428571428571,T1,2.0,1,8.430565859580494,0.12601512181462252,7.639755092073054,0.6,10,52
RKLB,2026-03-19,bull,72.13,71.72244285714285,STOP,-1.0,0,5.880673708250077,0.027909572983547633,2.8919190333786604,0.6,10,13
RKLB,2026-03-20,bear,66.8999,67.18365714285714,STOP,-1.0,0,9.976584119775776,0.02984183825723071,1.601390960133598,0.6,10,36
RMBS,2026-03-09,bull,87.91,88.73931428571427,T1,2.0,1,6.428109759680356,0.21721733165656537,2.4275101478134333,0.6,11,22
RMBS,2026-03-11,bull,92.24,92.5914,T1,2.0,1,3.5320088300220784,0.0759713479487662,1.9116654517966578,0.6,11,33
RTO,2026-02-04,bull,32.675,32.64214285714285,STOP,-1.0,0,2.072058141332926,0.03062787136293418,1.4422886774625914,0.5,10,15
RTO,2026-02-18,bull,31.58,31.539485714285714,STOP,-1.0,0,1.6296532992490862,0.09517766497462289,1.3635492263453375,0.65,10,50
RTO,2026-02-19,bear,31.22,31.25427142857143,STOP,-1.0,0,1.4621741894469193,0.17580310052740838,1.45744123717692,0.5,10,19
RXO,2026-02-18,bull,15.87,15.797285714285714,STOP,-1.0,0,5.174644243208272,0.09490667510281917,6.929354606701992,0.6,10,59
RXO,2026-02-27,bull,15.88,15.840714285714286,STOP,-1.0,0,7.0450097847358135,0.03151591553734009,1.3503415026114907,0.5,10,14
RXO,2026-03-03,bull,16.55,16.495714285714286,STOP,-1.0,0,7.738282478766923,0.03032140691329629,1.506241838929646,0.6,10,54
RXO,2026-03-05,bear,15.325,15.388571428571428,STOP,-1.0,0,7.509386733416755,0.12987012987012708,4.107806318157171,0.6,10,3
RXO,2026-03-11,bear,12.66,12.699285714285715,STOP,-1.0,0,5.56301553807788,0.039432176656143576,1.4248564674096589,0.5,10,4
S,2026-02-20,bear,12.945,12.851,T1,2.0,1,7.7922077922077975,0.03855050115652106,1.2303000104477253,0.5,10,12
S,2026-03-12,bear,13.895,13.804571428571428,T1,2.0,1,4.41846314019704,0.10756543564001841,1.9608592196423522,0.6,11,34
SAIL,2026-02-23,bear,13.02,12.929285714285713,T1,2.0,1,9.880392185428526,0.07656967840734906,4.134305801958078,0.75,10,43
SATS,2026-03-10,bear,107.38,108.0015,STOP,-1.0,0,4.517024131735168,0.02322880371661388,5.295932138037402,0.6,10,10
SATS,2026-03-17,bear,112.455,112.88967142857143,STOP,-1.0,0,3.3990736786208093,0.08430206761913113,3.8061441360211243,0.6,11,55
SATS,2026-03-18,bear,108.26,107.5089142857143,T1,2.0,1,5.634813817855541,0.0645339725269597,2.0290607889934016,0.6,11,23
SBSW,2026-02-27,bull,17.735,17.690785714285713,STOP,-1.0,0,3.6802760207015552,0.02824858757061585,2.503334897853314,0.6,10,45
SEDG,2026-02-17,bull,37.65,37.49992857142857,STOP,-1.0,0,9.628649062913672,0.5340453938584665,7.8262570925454895,0.75,13,17
SEDG,2026-02-19,bull,35.0,34.784285714285716,STOP,-1.0,0,8.283671036948752,0.08633093525180183,9.724870495582218,0.6,10,54
SEDG,2026-03-06,bear,33.75,33.373828571428575,T1,2.0,1,6.699928724162513,0.04403992953611441,10.582616729443536,0.6,10,27
SEDG,2026-03-09,bull,34.1,34.459428571428575,T1,2.0,1,7.692307692307701,0.6676557863501315,1.2337603671647723,0.5,11,20
SEDG,2026-03-16,bull,40.855,40.63025714285714,STOP,-1.0,0,8.675638525716838,0.0490436488474645,1.819254109803698,0.6,11,52
SEDG,2026-03-17,bull,42.72,42.82,EOD,0.8144,1,6.9487777542180345,0.16439643024894385,1.3895024352176368,0.5,11,52
SEI,2026-03-09,bull,49.5,49.208571428571425,STOP,-1.0,0,5.822416302765656,0.4261363636363653,2.0377295825168553,0.6,11,56
SFM,2026-02-09,bear,65.9901,66.10578571428572,STOP,-1.0,0,3.7590075031572496,0.14361300075585617,2.0768624461902245,0.6,10,5
SFM,2026-03-02,bull,74.51,74.38714285714286,STOP,-1.0,0,4.351705676436271,0.06723141051498878,1.3954660926561562,0.65,10,3
SFM,2026-03-13,bull,81.05,80.90972857142857,STOP,-1.0,0,6.286364399920578,0.061827624582660015,1.8053408441159653,0.6,10,22
SIG,2026-02-18,bear,94.6555,94.9022142857143,STOP,-1.0,0,2.5704528272374034,0.545244835902286,1.540097474523704,0.6,10,42
SIG,2026-03-11,bear,85.45,85.81618571428572,STOP,-1.0,0,6.571283153311076,0.17478443253319914,2.1240996734219117,0.6,11,26
SIG,2026-03-19,bull,90.86,91.80854285714287,T1,2.0,1,17.285731458107943,0.049836646547429767,1.4450739076642574,0.5,10,58
SLB,2026-02-18,bull,51.565,51.44692857142857,STOP,-1.0,0,3.7093822642069343,0.11382098002781339,1.9724504921600197,0.6,10,50
SLB,2026-03-03,bear,48.18,48.37621428571428,STOP,-1.0,0,7.377866400797613,0.17545670347817288,1.2102666300553981,0.5,10,3
SLB,2026-03-16,bear,44.2,44.472857142857144,STOP,-1.0,0,2.628647805747382,1.668520578420467,1.2950191570881227,0.5,12,51
SLB,2026-03-20,bear,47.03,46.86431428571429,T1,2.0,1,3.0150753768844174,0.03186404673393642,1.6557682648842869,0.6,10,2
SM,2026-03-04,bull,24.5575,24.67132857142857,T1,2.0,1,5.102488560145428,0.02041232904674017,4.393684219280846,0.6,10,35
SM,2026-03-11,bull,25.6,25.517985714285714,STOP,-1.0,0,3.702966354768066,0.3142183817753272,2.250085420550238,0.6,10,47
SMCI,2026-03-11,bear,31.6135,31.71991428571428,STOP,-1.0,0,4.467114923873562,0.09466708740928095,1.5848847671119108,0.6,10,12
SMCI,2026-03-16,bull,32.085,32.264114285714285,T1,2.0,1,4.202483285577842,0.015617679212876956,1.9910119204465513,0.6,11,6
SMCI,2026-03-17,bear,31.59,31.660114285714286,STOP,-1.0,0,3.6979266095199907,0.07582938388624758,3.643523040330719,0.6,11,23
SMTC,2026-02-25,bull,93.72,93.435,STOP,-1.0,0,4.118544345173242,0.10159884498155058,1.6485883073518661,0.6,10,6
SMTC,2026-03-16,bull,89.27,88.97977142857142,STOP,-1.0,0,4.627956989247308,0.11265067027149774,1.9644867356258362,0.6,11,9
SMTC,2026-03-17,bear,79.44,78.51285714285714,T1,2.0,1,11.746613828591716,0.03757515030060262,2.237760162983548,0.6,11,31
SNDX,2026-02-18,bear,20.02,20.052957142857142,STOP,-1.0,0,3.3815241362411235,0.049751243781102295,5.511271944838378,0.6,10,19
SOC,2026-03-09,bear,14.02,14.27,STOP,-1.0,0,9.747890218193668,0.5547850208044388,34.19975676327013,0.6,11,33
SOC,2026-03-13,bull,17.9491,17.51534285714286,STOP,-1.0,0,18.85625965996908,4.206730769230765,11.550775387693847,0.6,13,19
SPY,2026-02-12,bear,682.035,680.6578571428571,T1,2.0,1,2.1035095646803725,0.011722814061504806,1.7585791446872912,0.6,10,46
SPY,2026-02-25,bull,693.34,693.1092,STOP,-1.0,0,1.6520272235472069,0.010097658785675222,1.3961601227048575,0.5,10,48
SPY,2026-03-18,bear,665.26,665.9468714285714,STOP,-1.0,0,1.4400513344724548,0.015023361326866689,1.3052437123619076,0.5,10,33
SPY,2026-03-19,bull,662.65,661.2414142857142,STOP,-1.0,0,1.0639557656746794,0.07419071556188249,2.8408761113606245,0.6,11,6
SRAD,2026-02-26,bull,18.34,18.39857142857143,T1,2.0,1,3.242344464458921,0.05465974309919656,4.194537390086374,0.6,10,38
SRAD,2026-03-04,bull,19.3925,19.3309,STOP,-1.0,0,10.537751222161857,0.1291989664082614,1.3000060209356532,0.5,10,51
SRAD,2026-03-16,bear,18.15,18.19385714285714,STOP,-1.0,0,3.8793103448275987,0.05485463521668439,5.656401001339,0.6,10,8
SRRK,2026-03-05,bear,45.615,45.34714285714286,T1,2.0,1,5.9725242666949505,0.10902747492367458,2.2363460088333516,0.6,10,16
SRRK,2026-03-13,bear,39.83,39.934285714285714,STOP,-1.0,0,7.473185092238459,0.03751406777541721,1.2675617633075953,0.5,11,46
SSL,2026-03-11,bull,10.015,9.998671428571429,STOP,-1.0,0,7.734233065144054,0.15022533800701623,1.6839327599687255,0.6,11,25
SSRM,2026-02-19,bull,29.15,29.443371428571428,T1,2.0,1,10.981818181818193,0.1383604289173267,7.031536634386991,0.6,10,7
SSRM,2026-02-20,bull,30.21,30.461485714285715,T1,2.0,1,5.796113194681212,0.01659751037344068,1.626449119793903,0.6,10,3
STVN,2026-02-05,bear,14.0,14.1117,STOP,-1.0,0,8.321964529331506,0.49435028248587776,1.688873858640514,0.6,10,26
STVN,2026-02-06,bull,15.6,15.498028571428572,STOP,-1.0,0,8.080808080808076,0.42221500487171987,2.7133207570133266,0.6,10,20
T,2026-02-11,bull,28.565,28.503714285714288,STOP,-1.0,0,5.117155938594118,0.12287168685273002,1.9847905441402476,0.6,10,51
T,2026-02-27,bull,28.0,27.92642857142857,STOP,-1.0,0,2.1303484383462714,0.05368647100929497,7.778859218897239,0.6,10,59
T,2026-03-23,bull,28.875,28.826857142857143,STOP,-1.0,0,4.3891788130836,0.017346053772763246,2.2174843345784625,0.6,11,49
TEAM,2026-02-19,bear,80.71,80.36248571428571,T1,2.0,1,5.103277161241747,0.13608808610664289,2.5300587988891823,0.6,10,18
TER,2026-03-02,bull,324.9075,324.0882428571429,STOP,-1.0,0,6.250794054122731,0.10342698363693623,3.524389175934845,0.6,10,54
TERN,2026-03-11,bull,46.435,46.60642857142857,T1,2.0,1,5.241458588940107,0.010782833728709421,2.891356736478597,0.6,11,45
TGTX,2026-02-26,bull,31.23,31.037142857142857,STOP,-1.0,0,16.103732450317377,0.14462477904548196,2.2464906213126095,0.6,10,13
TGTX,2026-03-04,bull,29.53,29.468214285714286,STOP,-1.0,0,4.404369689613316,0.06788866259334547,1.5914391548909315,0.6,10,42
TGTX,2026-03-11,bear,28.0012,28.08065714285714,STOP,-1.0,0,4.820530605167333,0.7768361581920864,4.754102637689478,0.6,11,27
TGTX,2026-03-17,bull,31.22,31.12715714285714,STOP,-1.0,0,14.364261168384878,0.1292301941031035,5.755613056685042,0.6,10,13
TNGX,2026-02-11,bull,13.0,13.0,EOD,0.0,0,6.69856459330145,0.3861003861003916,1.3280212483399736,0.5,14,59
TNGX,2026-03-05,bull,16.15,16.525714285714283,T1,2.0,1,36.46998702201111,0.03126954346465919,6.813066208065693,0.6,10,8
TSAT,2026-02-24,bull,32.415,32.18964285714286,STOP,-1.0,0,7.783853329044704,0.5449167055892796,2.1254125412541254,0.6,10,19
TSAT,2026-03-16,bull,36.17,35.89142857142858,STOP,-1.0,0,4.792286970083646,0.0554477405045831,1.890074419438716,0.6,10,20
TSEM,2026-03-06,bear,112.63,111.75442857142858,T1,2.0,1,8.636691104801455,0.0884329678103947,1.8957663451232583,0.6,10,10
TSEM,2026-03-18,bull,145.81,145.08354285714285,STOP,-1.0,0,6.8818730046115775,0.41379310344827197,2.6944854328952337,0.6,10,30
TSEM,2026-03-19,bull,162.935,164.10497142857142,T1,2.0,1,19.92591735232653,0.05544944858604116,2.250141311251872,0.6,11,1
TSLA,2026-01-28,bear,430.3448,425.51239999999996,T1,2.0,1,1.693589212573062,0.08564814814814921,27.77791848615887,0.6,11,0
TSLA,2026-02-24,bull,409.6845,408.96687142857144,STOP,-1.0,0,3.2220857982661637,0.11487791166622523,1.6759599001108878,0.6,10,21
TSLA,2026-03-04,bull,408.04,407.28645714285716,STOP,-1.0,0,5.486199857770219,0.025776359396087235,3.233335332235113,0.6,10,37
TSLA,2026-03-13,bear,391.985,390.3544857142858,T1,2.0,1,2.089009990917341,0.017843506592685666,2.2702622700329673,0.6,11,2
TSLA,2026-03-20,bear,369.26,370.0999142857143,STOP,-1.0,0,3.9018183745957766,0.037831123592461116,2.601227601623061,0.6,10,22
TSM,2026-02-25,bull,392.0,390.11272857142853,STOP,-1.0,0,1.8434128884426317,0.1611789085885321,3.142513269966671,0.6,11,35
TSM,2026-03-09,bull,347.15,349.51314285714284,T1,2.0,1,5.336482845540509,0.14455880652249337,6.330026031621656,0.6,11,23
TTAN,2026-02-18,bull,64.88,65.31351428571429,T1,2.0,1,6.948326810957593,0.11602722772277667,1.8166229821424196,0.6,10,31
TTAN,2026-02-19,bull,66.38,66.22351428571429,STOP,-1.0,0,4.218629715165505,0.08306902280623293,1.3383322559793147,0.5,10,16
TTD,2026-02-11,bear,26.995,27.05527142857143,STOP,-1.0,0,6.243272335844989,0.036975411351457065,2.380524769399217,0.6,10,29
TTMI,2026-03-18,bear,95.7565,96.15662857142857,STOP,-1.0,0,4.039887496803889,0.05205622071837288,1.5753525534813506,0.6,11,30
TTMI,2026-03-19,bull,97.86,97.26331428571429,STOP,-1.0,0,7.668548301203523,0.41201009424731494,1.4315035362712927,0.5,11,6
UBER,2026-02-13,bull,74.3342,72.99447142857142,STOP,-1.0,0,3.934379660535488,6.343633762517868,3.6009521748539277,0.6,12,32
UBER,2026-02-23,bear,70.1889,70.32332857142858,STOP,-1.0,0,4.995836802664439,0.028437366699837936,4.9547455363766755,0.6,10,23
UBER,2026-03-03,bull,80.1939,78.30131428571428,STOP,-1.0,0,5.073448950492425,5.121318180030665,4.350978970268311,0.6,12,33
UBER,2026-03-13,bear,68.7413,69.53662857142857,STOP,-1.0,0,11.564631689597272,6.055955371272863,8.6230876216968,0.6,12,51
UCTT,2026-02-12,bear,52.61,52.83642857142858,STOP,-1.0,0,10.58435748759223,0.1324753974261928,3.3074884029158382,0.6,10,10
UCTT,2026-02-19,bull,56.94,57.24828571428571,T1,2.0,1,6.920415224913504,0.1498985980072319,2.482445795155584,0.6,10,50
UCTT,2026-03-09,bull,51.32,51.090714285714284,STOP,-1.0,0,10.410408357853953,0.3527336860670188,1.6035376921652158,0.6,10,34
UEC,2026-02-24,bull,16.16,16.087257142857144,STOP,-1.0,0,6.658130601792579,0.06215040397763558,2.5722548507510226,0.6,10,39
UEC,2026-02-25,bear,16.035,15.927857142857144,T1,2.0,1,4.803891760413494,0.06201550387597869,8.312785356887106,0.6,10,5
UNF,2026-02-20,bull,239.45,238.60642857142858,STOP,-1.0,0,7.700655467291752,0.14684903918771264,3.513912310286678,0.6,10,53
UNFI,2026-02-13,bear,40.28,40.37428571428571,STOP,-1.0,0,3.933466503884671,0.07416563658838352,2.9893017727014315,0.6,10,19
UNH,2026-02-05,bear,266.49,267.0454857142857,STOP,-1.0,0,3.8232023782664126,0.04175410728856671,1.2998129855785523,0.5,10,24
UNH,2026-02-10,bear,273.45,272.8346,T1,2.0,1,2.3313283656396186,0.040263032325157336,1.815205064230777,0.6,10,19
UNH,2026-02-12,bull,285.03,286.14142857142855,T1,2.0,1,4.715014734421047,0.015803891269233657,2.673234650597108,0.6,10,6
UNH,2026-02-27,bull,293.985,293.51455714285714,STOP,-1.0,0,3.4552001107879655,0.0374531835206039,2.388041590510932,0.6,10,42
UNH,2026-03-13,bear,263.2889,267.9315571428572,STOP,-1.0,0,3.4573000302647197,6.404538558121215,3.814713896457765,0.6,13,25
UNH,2026-03-16,bull,287.15,286.6835,STOP,-1.0,0,2.971557945379927,0.01394894685451962,2.7576412558539087,0.6,10,10
UPST,2026-02-26,bull,30.025,29.8786,STOP,-1.0,0,6.429430978167444,0.1676145868183355,2.7145711130826626,0.6,10,40
UPST,2026-03-12,bear,25.9,25.976114285714285,STOP,-1.0,0,5.405405405405396,0.05779233288382592,2.3957456941027067,0.6,10,56
UPST,2026-03-20,bear,26.0,26.115571428571428,STOP,-1.0,0,4.784688995215306,0.19098548510313487,1.895730551904266,0.6,11,38
VEON,2026-02-26,bear,54.975,55.29911428571429,STOP,-1.0,0,1.7968160548543137,0.018050541516241896,1.3614641586171836,0.5,10,55
VEON,2026-03-02,bull,56.175,56.04,EOD,-0.1633,0,5.260983335628705,0.17924359204158707,2.4238791656677057,0.6,10,25
VEON,2026-03-09,bear,52.75,52.95285714285714,STOP,-1.0,0,2.22783862210989,0.6671051395283358,1.7662801070472793,0.6,11,58
VERA,2026-02-25,bear,41.79,41.60214285714285,T1,2.0,1,5.716941668603302,0.1671043208402967,2.706367188196885,0.6,10,51
VET,2026-02-26,bull,10.6485,10.6328,STOP,-1.0,0,4.1286605856937255,0.1412429378531127,2.228197173388487,0.6,10,34
VET,2026-03-17,bull,12.315,12.293542857142857,STOP,-1.0,0,2.3838882038635507,0.04065040650405695,1.9252479354527365,0.6,11,54
VET,2026-03-18,bull,12.545,12.599742857142857,T1,2.0,1,4.400977995110018,0.039904229848370165,1.2729515254473949,0.65,10,32
VG,2026-02-20,bear,9.62,9.643571428571427,STOP,-1.0,0,5.454545454545446,0.10362694300517913,1.2966132952514258,0.5,10,18
VG,2026-03-09,bear,11.99,11.802800000000001,T1,2.0,1,12.072670443445986,0.0826446280991718,5.11075067707366,0.6,11,22
VG,2026-03-17,bull,13.0237,12.970142857142857,STOP,-1.0,0,7.839231356925433,0.03852080123265798,3.3704993252361675,0.6,11,48
VG,2026-03-18,bull,13.975,14.164885714285713,T1,2.0,1,10.154193305754054,0.28954035468694117,2.045820504885737,0.6,10,27
VG,2026-03-19,bear,14.215,13.843571428571428,T1,2.0,1,14.826598790964034,0.06832934745473035,5.806232035373262,0.6,11,11
VIAV,2026-03-16,bull,31.925,31.843071428571427,STOP,-1.0,0,6.238887990948762,0.09436929852155124,2.6047705947901356,0.6,10,28
VIAV,2026-03-19,bull,33.75,33.615,STOP,-1.0,0,8.93640682040298,0.26881720430108547,1.5000425338143826,0.6,10,12
VICR,2026-03-02,bull,209.49,207.95862857142856,STOP,-1.0,0,7.552322550212274,0.2256144393241162,5.141669655477964,0.6,10,59
VICR,2026-03-06,bear,162.45,160.72714285714284,T1,2.0,1,12.53311830434281,0.19634310958399387,2.3067726281735705,0.6,10,12
VIRT,2026-02-26,bull,41.5,41.47714285714286,STOP,-1.0,0,1.9223749847913352,0.024108003857292955,5.862782123909721,0.6,10,9
VIRT,2026-03-04,bear,41.1,41.16347142857143,STOP,-1.0,0,1.639105158034174,0.012141816415742007,4.87002567394095,0.6,10,28
VIRT,2026-03-13,bear,39.22,39.12142857142857,T1,2.0,1,2.434824638250305,0.06365372374283534,5.313632754513757,0.6,11,47
VIST,2026-02-23,bear,56.81,56.48345714285714,T1,2.0,1,4.520065308928422,0.017580872011260754,1.2523034398034396,0.5,10,45
VIST,2026-02-27,bull,57.5,57.70565714285714,T1,2.0,1,2.831931772581149,0.12199372603694716,1.4726706315491362,0.65,10,2
VLO,2026-02-24,bull,198.95,199.49999999999997,T1,2.0,1,2.207951849053572,0.020125786163518008,1.283882503192848,0.5,10,48
VLO,2026-03-02,bull,215.47,214.87837142857143,STOP,-1.0,0,5.049061636658104,0.018628044521035936,5.940546459763361,0.6,10,7
VLO,2026-03-05,bear,224.38,225.7374857142857,STOP,-1.0,0,4.366206343356383,0.5883127716556189,4.151423704374789,0.6,10,15
VLO,2026-03-09,bear,215.24,215.7735857142857,STOP,-1.0,0,8.207593359148973,0.23154911031155342,2.5434263740635155,0.6,10,15
VLO,2026-03-12,bull,239.6198,239.2345,STOP,-1.0,0,3.6508321112032163,0.011651964588045946,2.8092783505154637,0.6,10,29
VRT,2026-02-24,bull,252.1,251.19874285714286,STOP,-1.0,0,4.350558517647532,0.03520265392211679,1.9434213948337624,0.6,10,20
VZ,2026-03-04,bull,51.185,51.331857142857146,T1,2.0,1,2.0134228187919527,0.03916193459957534,3.5279700639132097,0.6,10,28
VZ,2026-03-06,bull,51.245,51.173942857142855,STOP,-1.0,0,1.5648836179321917,0.08780661424344215,2.5801450205941774,0.6,10,46
VZ,2026-03-18,bear,49.45,49.54197142857143,STOP,-1.0,0,2.861507767647252,0.06052047609441424,4.407610556899656,0.6,11,50
WDC,2026-03-09,bull,258.94,257.62422857142855,STOP,-1.0,0,11.763262301116606,0.25568511990083487,2.3508516586448396,0.6,11,23
WDS,2026-02-20,bull,19.485,19.465,STOP,-1.0,0,1.8647716703929265,0.12856775520698677,1.8834389902897746,0.6,10,51
WEX,2026-03-02,bull,156.77,157.67771428571433,T1,2.0,1,7.092011164880184,0.057647963105305795,1.482473653617731,0.5,10,22
WEX,2026-03-03,bull,163.02,162.55714285714285,STOP,-1.0,0,5.9529266711980275,0.015373735510240297,4.217028464816075,0.6,10,47
WEX,2026-03-13,bull,161.2,160.8532857142857,STOP,-1.0,0,2.1141118534550385,0.0528639840786168,3.9727361246348587,0.6,11,1
WFC,2026-01-29,bull,90.0,90.191,T1,2.0,1,2.1797752808988737,0.07230255839821771,1.6746696733027182,0.6,10,44
WFC,2026-03-10,bull,80.1659,79.87645714285713,STOP,-1.0,0,3.135231934996731,2.174228906449146,7.322175732217573,0.6,13,42
WFC,2026-03-13,bear,74.585,74.34785714285714,T1,2.0,1,2.0949350304958876,0.0200789773107564,2.0311475256682145,0.6,11,20
WING,2026-02-17,bull,251.51,250.37717142857142,STOP,-1.0,0,13.278448513654013,0.013969267611253878,1.5084475166230988,0.6,10,4
WING,2026-03-04,bear,239.575,240.34067142857143,STOP,-1.0,0,3.925573415575668,0.047817047817051594,1.7607749086082847,0.6,10,44
WING,2026-03-12,bear,197.31,198.09738571428574,STOP,-1.0,0,6.870638754696731,0.06058158319870989,1.708395252158537,0.6,10,34
WLK,2026-03-05,bear,106.02,104.95285714285714,T1,2.0,1,5.569295594027662,0.08456262332049554,1.4681396093499839,0.5,10,15
WMT,2026-01-30,bull,119.4,119.21785714285714,STOP,-1.0,0,2.5196182396606566,0.06710283509478134,1.6283778195467424,0.6,10,49
WMT,2026-02-27,bull,128.41,128.11974285714285,STOP,-1.0,0,3.664401255911938,0.0861866332366994,10.855946232093451,0.6,10,50
WMT,2026-03-18,bear,122.285,122.4507,STOP,-1.0,0,5.602493105060956,0.016341204346757107,4.427427595752111,0.6,10,18
WTRG,2026-02-24,bull,39.73,39.655428571428565,STOP,-1.0,0,2.270697793085854,0.037888355645348475,14.257731001392973,0.6,10,53
WTRG,2026-03-10,bear,39.67,39.571600000000004,T1,2.0,1,2.9183483390251577,0.025176233635443128,1.6993049917826664,0.6,11,31
XENE,2026-03-05,bear,42.04,41.90142857142857,T1,2.0,1,5.317919075144502,0.0237473284255474,2.286202028823742,0.6,10,39
XOM,2026-02-09,bull,151.03,151.41071428571428,T1,2.0,1,1.9523936881519228,0.026511134676558884,12.241883434628337,0.6,10,51
XOM,2026-02-18,bull,150.84,150.66001428571428,STOP,-1.0,0,3.6110829874118475,0.15944724953493267,2.239360433211414,0.6,10,51
XOM,2026-03-09,bear,149.51,150.19501428571428,STOP,-1.0,0,4.9404824744901585,0.09996001599360635,1.3987743263386268,0.5,11,37
XPEV,2026-02-26,bull,17.685,17.75502857142857,T1,2.0,1,2.6085710190626448,0.1700680272108908,2.2216411541464653,0.6,10,31
XPEV,2026-03-17,bear,19.15,19.20835714285714,STOP,-1.0,0,5.87341772151897,0.15616866215513345,6.788968642031006,0.6,11,59
YOU,2026-03-16,bull,46.64,47.036100000000005,T2,3.5,1,4.456905854752613,0.06459948320413682,3.711477831113131,0.6,11,56
YOU,2026-03-23,bull,52.73,52.58461428571428,STOP,-1.0,0,12.246544940986585,0.028571428571429653,2.0603710883411797,0.6,10,5
YPF,2026-03-11,bull,39.285,39.174371428571426,STOP,-1.0,0,11.081226465841864,0.05111167901864559,3.8323582690739535,0.6,11,0
Z,2026-03-12,bear,42.01,41.79537142857142,T1,2.0,1,7.857469164001822,0.08313539192399927,2.146018898263745,0.6,10,34
Z,2026-03-16,bear,42.41,42.263,T1,2.0,1,2.993386703793942,0.04708097928435975,1.2842825953136972,0.5,11,46
Z,2026-03-17,bull,45.25,45.104285714285716,STOP,-1.0,0,7.4660244280061985,0.09971194327497142,4.87367781093674,0.6,11,59
ZG,2026-02-23,bear,42.935,42.67857142857143,T1,2.0,1,8.912101344593838,0.09293680297397572,2.88901730392629,0.6,10,11
ZG,2026-03-12,bear,41.6,41.41571428571429,T1,2.0,1,9.605241799971193,0.16786570743405343,1.5691771802387324,0.6,10,34
ZG,2026-03-16,bear,42.23,41.88109999999999,T2,3.5,1,2.153558052434461,0.13507386556844772,1.7272631282556667,0.6,11,55
ZTO,2026-02-26,bull,24.19,24.15214285714286,STOP,-1.0,0,2.4484670921837286,0.12424932698281688,1.5637631766664026,0.6,10,51
ZTO,2026-03-05,bear,22.4,22.43857142857143,STOP,-1.0,0,4.257177164065064,0.06675567423231228,6.72385863995504,0.6,10,18
