ticker,timestamp,outcome,outcome_binary,regime,pattern,confidence,grade_norm,rvol,score_norm,ivr,gex_multiplier,uoa_multiplier,ivr_multiplier,mtf_boost,mtf_convergence,mtf_convergence_count,vwap_distance,or_range_pct,adx_norm,atr_pct,is_or_signal,is_bull,hour_norm,rr_ratio_norm,explosive_mover
AAPL,2023-05-05,WIN,1,BULL,BOS,0.6555746405460078,0.4444444444444444,2.1360315291577496,0.65,0.5,1.0,1.0,1.0,0.0,0.0,0.0,0.04029367551618185,0.007013794965731701,0.7584870939208017,0.02475665053883478,0.0,1.0,0.0,0.4,0.0
AAPL,2023-06-30,LOSS,0,BULL,BOS,0.6895635460469479,0.4444444444444444,1.4059610940741734,0.68,0.5,1.0,1.0,1.0,0.0,0.0,0.0,0.10709333148621832,0.006267480394537832,1.2284366089549281,0.021926854773152645,0.0,1.0,0.0,0.40000000000000135,0.0
AAPL,2024-01-19,LOSS,0,BULL,BOS,0.5963941649054858,0.2222222222222222,1.3315926110843397,0.59,0.5,1.0,1.0,1.0,0.0,0.0,0.0,0.0556418341902471,0.0063294344017418005,0.632096895675126,0.020632185415054155,0.0,1.0,0.0,0.3999999999999985,0.0
AAPL,2024-05-03,WIN,1,BULL,BOS,0.623393320279656,0.3333333333333333,2.734585047781158,0.62,0.5,1.0,1.0,1.0,0.0,0.0,0.0,0.016641805328532763,0.00660334426370229,0.34442711927065406,0.026554366315963574,0.0,1.0,0.0,0.4,0.0
AAPL,2024-06-11,WIN,1,BULL,BOS,0.7679623117236417,0.6666666666666666,3.2188662999068085,0.76,0.5,1.0,1.0,1.0,0.0,0.0,0.0,0.14342979440005002,0.005837705937238768,1.1467933115220093,0.022356884816641144,0.0,1.0,0.0,0.40000000000000124,0.0
AAPL,2024-06-12,WIN,1,BULL,BOS,0.7113631389930891,0.5555555555555556,3.3830157275315123,0.71,0.5,1.0,1.0,1.0,0.0,0.0,0.0,0.17371490458511288,0.005675508478263694,0.7147490174434235,0.025819982600512596,0.0,1.0,0.0,0.39999999999999897,0.0
AAPL,2024-11-25,WIN,1,BULL,BOS,0.5904588206152483,0.2222222222222222,2.057308936362097,0.59,0.5,1.0,1.0,1.0,0.0,0.0,0.0,0.2124938601264075,0.005181239767051411,0.3506224919809561,0.01806007474801904,0.0,1.0,0.0,0.40000000000000135,0.0
AAPL,2025-06-30,WIN,1,BULL,BOS,0.5992301915498964,0.2222222222222222,1.7031669304756232,0.59,0.5,1.0,1.0,1.0,0.0,0.0,0.0,0.03394262300545815,0.005866608000586605,0.5271456335074352,0.019626457703676905,0.0,1.0,0.0,0.4,0.0
AAPL,2025-08-07,WIN,1,BULL,BOS,0.5982395430940146,0.2222222222222222,1.6576241971597012,0.59,0.5,1.0,1.0,1.0,0.0,0.0,0.0,0.10566893672591945,0.005470397173628075,0.5357222215735302,0.02322512475273316,0.0,1.0,0.0,0.4,0.0
AAPL,2025-08-08,WIN,1,BULL,BOS,0.6130633565229876,0.3333333333333333,2.007325555256813,0.61,0.5,1.0,1.0,1.0,0.0,0.0,0.0,0.15195829693696988,0.00524809953195694,0.5179805250676465,0.024314757518433636,0.0,1.0,0.0,0.4000000000000011,0.0
AAPL,2025-09-19,WIN,1,BULL,BOS,0.6476825213030122,0.3333333333333333,3.334859473265837,0.64,0.5,1.0,1.0,1.0,0.0,0.0,0.0,0.22492228616658003,0.004897299547407854,0.30626365093146907,0.02110858537421489,0.0,1.0,0.0,0.3999999999999989,0.0
AAPL,2025-09-22,LOSS,0,BULL,BOS,0.572270200636888,0.2222222222222222,1.8924879988069427,0.57,0.5,1.0,1.0,1.0,0.0,0.0,0.0,0.2766992251781243,0.00469496793336897,0.2843053379769395,0.02215879544114141,0.0,1.0,0.0,0.4,0.0
AAPL,2025-10-20,LOSS,0,BULL,BOS,0.6830006417869995,0.4444444444444444,1.9301335306065768,0.68,0.5,1.0,1.0,1.0,0.0,0.0,0.0,0.29858162239762415,0.004584683108613773,1.0099597683778048,0.020784169656853382,0.0,1.0,0.0,0.40000000000000213,0.0
AAPL,2026-02-02,LOSS,0,BULL,BOS,0.6016821650612775,0.3333333333333333,1.4213878942206057,0.6,0.5,1.0,1.0,1.0,0.0,0.0,0.0,0.30221871495094743,0.004448438153364312,0.6374184690016478,0.02361201845127414,0.0,1.0,0.0,0.4,0.0
AAPL,2026-02-04,LOSS,0,BEAR,BOS,0.6268311717122619,0.3333333333333333,1.6540442755065328,0.62,0.5,1.0,1.0,1.0,0.0,0.0,0.0,0.3318253969942744,0.004344182325332153,0.7275263862462346,0.02447098590442126,0.0,1.0,0.0,0.4000000000000017,0.0
TSLA,2023-05-26,WIN,1,BULL,BOS,0.556416816413116,0.2222222222222222,1.3713512681729756,0.55,0.5,1.0,1.0,1.0,0.0,0.0,0.0,0.08828490786610892,0.01506445100170847,0.3523283533631151,0.03820099246407679,0.0,1.0,0.0,0.4,0.0
TSLA,2023-06-02,WIN,1,BULL,BOS,0.6572248401159304,0.4444444444444444,1.3292058556453838,0.65,0.5,1.0,1.0,1.0,0.0,0.0,0.0,0.18725519614662497,0.013600037388419054,1.038430315557741,0.03795592172467434,0.0,1.0,0.0,0.4,0.0
TSLA,2023-06-07,WIN,1,BULL,BOS,0.7050826754220968,0.5555555555555556,1.4170332368822458,0.7,0.5,1.0,1.0,1.0,0.0,0.0,0.0,0.22563646355348493,0.012958097697822617,1.3282067571865637,0.038664368093944614,0.0,1.0,0.0,0.40000000000000063,0.0
TSLA,2023-06-09,WIN,1,BULL,BOS,0.7072361566756447,0.5555555555555556,1.4497102840414215,0.7,0.5,1.0,1.0,1.0,0.0,0.0,0.0,0.31280739708642175,0.011906710310965732,1.3316709498238233,0.04123509469254148,0.0,1.0,0.0,0.3999999999999994,0.0
TSLA,2023-09-11,LOSS,0,BULL,BOS,0.550484654031207,0.2222222222222222,1.5095663554950947,0.55,0.5,1.0,1.0,1.0,0.0,0.0,0.0,0.22179358584118097,0.010636742451933712,0.26670890837634886,0.045123912566708085,0.0,1.0,0.0,0.4000000000000009,0.0
TSLA,2024-04-29,LOSS,0,BULL,BOS,0.6058855367718435,0.3333333333333333,2.3109579883582043,0.6,0.5,1.0,1.0,1.0,0.0,0.0,0.0,-0.11439831363033937,0.014996135016748388,0.36891758235955535,0.05095888394007434,0.0,1.0,0.0,0.4,0.0
TSLA,2024-06-26,WIN,1,BULL,BOS,0.5981781093497128,0.2222222222222222,1.3670792518020212,0.59,0.5,1.0,1.0,1.0,0.0,0.0,0.0,-0.08983296559485769,0.014818964200234378,0.632160978397412,0.03871336180242836,0.0,1.0,0.0,0.39999999999999925,0.0
TSLA,2024-07-01,WIN,1,BULL,BOS,0.5990997508380373,0.2222222222222222,1.84314231536167,0.59,0.5,1.0,1.0,1.0,0.0,0.0,0.0,-0.026800043651401623,0.013866387115219788,0.47961756713302583,0.04023770949340376,0.0,1.0,0.0,0.4,0.0
TSLA,2024-07-02,WIN,1,BULL,BOS,0.6455690308087377,0.3333333333333333,2.661630998758542,0.64,0.5,1.0,1.0,1.0,0.0,0.0,0.0,0.0721242032814727,0.012583239643691192,0.5165832058054044,0.04086927515103594,0.0,1.0,0.0,0.39999999999999936,0.0
TSLA,2024-07-03,WIN,1,BULL,BOS,0.6522744353380066,0.4444444444444444,1.986128704416843,0.65,0.5,1.0,1.0,1.0,0.0,0.0,0.0,0.1416070320667921,0.011810544259101526,0.7864533341144286,0.04019759614548365,0.0,1.0,0.0,0.4,0.0
TSLA,2024-07-05,WIN,1,BULL,BOS,0.6491521285301031,0.3333333333333333,1.7323160773941235,0.64,0.5,1.0,1.0,1.0,0.0,0.0,0.0,0.16462549230637835,0.011569656488549717,0.8502421644026458,0.03827585423482369,0.0,1.0,0.0,0.40000000000000063,0.0
TSLA,2024-07-08,LOSS,0,BULL,BOS,0.6599738798883101,0.4444444444444444,1.6722817268985317,0.65,0.5,1.0,1.0,1.0,0.0,0.0,0.0,0.17035819833829932,0.01150470467304509,0.9423986236225571,0.039696031808785816,0.0,1.0,0.0,0.4,0.0
TSLA,2024-07-09,LOSS,0,BULL,BOS,0.6676935072483215,0.4444444444444444,1.628463234759734,0.66,0.5,1.0,1.0,1.0,0.0,0.0,0.0,0.21275189444542017,0.01109289825791951,1.0084689700688987,0.03922812597001595,0.0,1.0,0.0,0.4,0.0
TSLA,2024-09-05,LOSS,0,BEAR,BOS,0.6080321817737553,0.3333333333333333,1.6635951496141486,0.6,0.5,1.0,1.0,1.0,0.0,0.0,0.0,0.05920304033035781,0.01264282921319036,0.5990161619536524,0.04340270235043663,0.0,1.0,0.0,0.3999999999999994,0.0
TSLA,2024-09-19,LOSS,0,BULL,BOS,0.5997793234827712,0.2222222222222222,1.3762433830135967,0.59,0.5,1.0,1.0,1.0,0.0,0.0,0.0,0.12156330743959042,0.011930141029845954,0.639781028880609,0.04521681581783255,0.0,1.0,0.0,0.39999999999999947,0.0
TSLA,2024-10-24,LOSS,0,BULL,BOS,0.6425768464445824,0.3333333333333333,2.811279961853063,0.64,0.5,1.0,1.0,1.0,0.0,0.0,0.0,0.19199641831151418,0.011171683046683142,0.44675232234619455,0.04054602492102492,0.0,1.0,0.0,0.4,0.0
TSLA,2024-10-25,LOSS,0,BULL,BOS,0.6059600884222677,0.3333333333333333,2.0301148375016504,0.6,0.5,1.0,1.0,1.0,0.0,0.0,0.0,0.23089403043683876,0.010810208402986831,0.4630289769812347,0.040505113223267684,0.0,1.0,0.0,0.4000000000000011,0.0
TSLA,2024-11-06,WIN,1,BULL,BOS,0.6287775239749915,0.3333333333333333,2.023203905672626,0.62,0.5,1.0,1.0,1.0,0.0,0.0,0.0,0.3153301468248912,0.01008560634942649,0.6174488579424021,0.04647201826004725,0.0,1.0,0.0,0.4000000000000009,0.0
TSLA,2024-11-07,WIN,1,BULL,BOS,0.5872284248149785,0.2222222222222222,1.3543936380125965,0.58,0.5,1.0,1.0,1.0,0.0,0.0,0.0,0.35231858255786486,0.009800949782762537,0.5633916194289906,0.047849997834841736,0.0,1.0,0.0,0.4,0.0
TSLA,2024-11-08,WIN,1,BULL,BOS,0.6334559582183785,0.3333333333333333,2.318516676833673,0.63,0.5,1.0,1.0,1.0,0.0,0.0,0.0,0.4601087585345549,0.009059211755183441,0.5502008291779661,0.05019479306572265,0.0,1.0,0.0,0.4,0.0
TSLA,2024-11-11,LOSS,0,BULL,BOS,0.6312419489471376,0.3333333333333333,2.30247816930534,0.63,0.5,1.0,1.0,1.0,0.0,0.0,0.0,0.5865955053557365,0.008314285714285786,0.5407869365458038,0.05297142857142856,0.0,1.0,0.0,0.39999999999999936,0.0
TSLA,2024-12-16,LOSS,0,BULL,BOS,0.6886076516597422,0.4444444444444444,1.4075652012070752,0.68,0.5,1.0,1.0,1.0,0.0,0.0,0.0,1.0390829701975746,0.006284825709472647,1.221529277329256,0.0375022368672751,0.0,1.0,0.0,0.40000000000000063,0.0
TSLA,2024-12-17,LOSS,0,BULL,BOS,0.6980213398039808,0.4444444444444444,1.619384684910264,0.69,0.5,1.0,1.0,1.0,0.0,0.0,0.0,1.1068793447908711,0.0060642687450506915,1.2136807037231172,0.03844573714952577,0.0,1.0,0.0,0.4,0.0
TSLA,2025-03-24,LOSS,0,BULL,BOS,0.6457472903718022,0.3333333333333333,1.4369352841205938,0.64,0.5,1.0,1.0,1.0,0.0,0.0,0.0,0.1589723370064833,0.010452961672473959,0.9260035077718173,0.06641761557527211,0.0,1.0,0.0,0.4,0.0
TSLA,2025-06-23,LOSS,0,BULL,BOS,0.5790353077324482,0.2222222222222222,1.6147781776407721,0.57,0.5,1.0,1.0,1.0,0.0,0.0,0.0,0.4118193331366608,0.008345761156361205,0.4219759923360641,0.059653550533440416,0.0,1.0,0.0,0.4,0.0
TSLA,2025-09-11,WIN,1,BULL,BOS,0.6089632695404376,0.3333333333333333,1.4086028140152422,0.6,0.5,1.0,1.0,1.0,0.0,0.0,0.0,0.45919898996420266,0.007890241587809509,0.6902208589311699,0.03483210480038113,0.0,1.0,0.0,0.39999999999999913,0.0
TSLA,2025-09-12,WIN,1,BULL,BOS,0.6546931254068351,0.4444444444444444,2.2285754120421455,0.65,0.5,1.0,1.0,1.0,0.0,0.0,0.0,0.5644110839137363,0.0073495984240037,0.721762365364852,0.033765938562119784,0.0,1.0,0.0,0.4,0.0
TSLA,2025-09-15,WIN,1,BULL,BOS,0.6409925015554631,0.3333333333333333,2.0449219843433815,0.64,0.5,1.0,1.0,1.0,0.0,0.0,0.0,0.6175947498541388,0.007096868598185604,0.6916426822552935,0.035263110219212045,0.0,1.0,0.0,0.3999999999999992,0.0
TSLA,2025-12-15,LOSS,0,BULL,BOS,0.533424131143458,0.1111111111111111,1.4953790554474833,0.53,0.5,1.0,1.0,1.0,0.0,0.0,0.0,0.7777299611651383,0.006122320169994372,0.15770118914055956,0.029224536167373475,0.0,1.0,0.0,0.4,0.0
TSLA,2025-12-16,LOSS,0,BULL,BOS,0.5298725994139741,0.1111111111111111,1.396615228112008,0.52,0.5,1.0,1.0,1.0,0.0,0.0,0.0,0.8300158352729631,0.005940230260472004,0.1669455867224919,0.029979645160914045,0.0,1.0,0.0,0.4,0.0
NVDA,2025-01-06,LOSS,0,BEAR,BOS,0.552943215661228,0.2222222222222222,1.3449029157279007,0.55,0.5,1.0,1.0,1.0,0.0,0.0,0.0,-0.5588511841131224,0.02657489736533674,0.3379871324988863,0.03627521304145636,0.0,1.0,0.0,0.4,0.0
NVDA,2025-05-13,WIN,1,BULL,BOS,0.5316986286505074,0.1111111111111111,1.4596350478693114,0.53,0.5,1.0,1.0,1.0,0.0,0.0,0.0,-0.5843770802784796,0.030560465073314537,0.15811250838027915,0.035367332611348334,0.0,1.0,0.0,0.4,0.0
NVDA,2025-05-29,LOSS,0,BULL,BOS,0.7234511385313127,0.5555555555555556,1.7276065065293336,0.72,0.5,1.0,1.0,1.0,0.0,0.0,0.0,-0.5516211456864623,0.02852734924876802,1.3471387546989733,0.03326510653512402,0.0,1.0,0.0,0.4,0.0
NVDA,2025-06-25,WIN,1,BULL,BOS,0.6281201032545267,0.3333333333333333,1.3135622268045732,0.62,0.5,1.0,1.0,1.0,0.0,0.0,0.0,-0.4984935909706733,0.025730316469930382,0.8496132794286538,0.023058446705514914,0.0,1.0,0.0,0.4,0.0
NVDA,2025-09-22,LOSS,0,BULL,BOS,0.6213469353982369,0.3333333333333333,1.4268075582805937,0.62,0.5,1.0,1.0,1.0,0.0,0.0,0.0,-0.3906530468473728,0.0216231172365113,0.7667103832280485,0.027222679825514937,0.0,1.0,0.0,0.4,0.0
NVDA,2025-10-28,LOSS,0,BULL,BOS,0.5656177777011695,0.2222222222222222,1.8046012306215138,0.56,0.5,1.0,1.0,1.0,0.0,0.0,0.0,-0.3278155405564221,0.01974939657385293,0.2692514411339591,0.031943067727282955,0.0,1.0,0.0,0.4,0.0
NVDA,2025-10-29,LOSS,0,BULL,BOS,0.5769056181287808,0.2222222222222222,1.8363469433434696,0.57,0.5,1.0,1.0,1.0,0.0,0.0,0.0,-0.30743827486582465,0.019176103773152136,0.33392180641071634,0.03273075929159513,0.0,1.0,0.0,0.39999999999999913,0.0
NVDA,2026-02-25,LOSS,0,BULL,BOS,0.537375444432386,0.1111111111111111,1.446310834070171,0.53,0.5,1.0,1.0,1.0,0.0,0.0,0.0,-0.33086571733241654,0.020300674984659577,0.20039935152584978,0.03242048476170997,0.0,1.0,0.0,0.4000000000000009,0.0
MSFT,2023-06-15,LOSS,0,BULL,BOS,0.6211097825214604,0.3333333333333333,1.3722033768393789,0.62,0.5,1.0,1.0,1.0,0.0,0.0,0.0,0.11880863774775687,0.008744377775899677,0.7833307578632767,0.0347301240209315,0.0,1.0,0.0,0.399999999999999,0.0
MSFT,2023-07-18,LOSS,0,BULL,BOS,0.6536556527403972,0.4444444444444444,2.6288277256980357,0.65,0.5,1.0,1.0,1.0,0.0,0.0,0.0,0.1233854653268668,0.008467323518814966,0.5814284430366355,0.03431082481148231,0.0,1.0,0.0,0.4,0.0
MSFT,2025-01-22,LOSS,0,BULL,BOS,0.6053093681423672,0.3333333333333333,1.4058061498202885,0.6,0.5,1.0,1.0,1.0,0.0,0.0,0.0,0.1763479095423555,0.006743242445135828,0.6667937376756854,0.02452783321808507,0.0,1.0,0.0,0.4000000000000011,0.0
MSFT,2025-05-01,WIN,1,BULL,BOS,0.5963634402310056,0.2222222222222222,2.169017214510135,0.59,0.5,1.0,1.0,1.0,0.0,0.0,0.0,0.11610549755836604,0.007058801235526997,0.35275053003665924,0.031084967528160777,0.0,1.0,0.0,0.4000000000000009,0.0
MSFT,2025-07-31,LOSS,0,BULL,BOS,0.7492061994319588,0.5555555555555556,3.173266761283314,0.74,0.5,1.0,1.0,1.0,0.0,0.0,0.0,0.36958943900360536,0.00561820312896201,1.0369524091186202,0.018683892016412174,0.0,1.0,0.0,0.4000000000000023,0.0
MSFT,2025-10-28,LOSS,0,BULL,BOS,0.5673598251526382,0.2222222222222222,1.7276612285375288,0.56,0.5,1.0,1.0,1.0,0.0,0.0,0.0,0.35639471735822015,0.005520305461842021,0.30651175817174475,0.0177913675971937,0.0,1.0,0.0,0.4,0.0
AMD,2023-05-08,WIN,1,BULL,BOS,0.5890148141459006,0.2222222222222222,1.6731231334093677,0.58,0.5,1.0,1.0,1.0,0.0,0.0,0.0,0.04582633112843543,0.023989898989899,0.46905771650288136,0.04512723965848963,0.0,1.0,0.0,0.4,0.0
AMD,2023-05-10,WIN,1,BULL,BOS,0.5961137050960241,0.2222222222222222,1.5919046772230552,0.59,0.5,1.0,1.0,1.0,0.0,0.0,0.0,0.06186279777257844,0.023500309214594943,0.5434564748991424,0.04600443207586062,0.0,1.0,0.0,0.40000000000000063,0.0
AMD,2023-05-16,WIN,1,BEAR,BOS,0.5597178911495653,0.2222222222222222,1.4163805575575048,0.55,0.5,1.0,1.0,1.0,0.0,0.0,0.0,0.10132128593581871,0.022467481277098945,0.3593257551446002,0.04754061321020326,0.0,1.0,0.0,0.4,0.0
AMD,2023-05-25,WIN,1,BULL,BOS,0.5839029452480752,0.2222222222222222,1.4670262291123517,0.58,0.5,1.0,1.0,1.0,0.0,0.0,0.0,0.26045194301881397,0.01894474449522228,0.5036775586163837,0.040005044809780996,0.0,1.0,0.0,0.4,0.0
AMD,2023-11-01,WIN,1,BEAR,BOS,0.6327689464385088,0.3333333333333333,2.5967712538719256,0.63,0.5,1.0,1.0,1.0,0.0,0.0,0.0,0.015129688138913605,0.021103295075897824,0.4528692249660828,0.03854961125509072,0.0,1.0,0.0,0.4,0.0
AMD,2023-12-07,WIN,1,BULL,BOS,0.742375215306232,0.5555555555555556,2.584169135120235,0.74,0.5,1.0,1.0,1.0,0.0,0.0,0.0,0.19059805143167294,0.017761159149333964,1.1877783903348016,0.031010638889816262,0.0,1.0,0.0,0.4,0.0
AMD,2023-12-08,WIN,1,BULL,BOS,0.6957192851986287,0.4444444444444444,1.796822477782397,0.69,0.5,1.0,1.0,1.0,0.0,0.0,0.0,0.1937849190084575,0.01768538628606889,1.139187742063392,0.031676177917645494,0.0,1.0,0.0,0.4,0.0
AMD,2023-12-11,WIN,1,BULL,BOS,0.6701565272034333,0.4444444444444444,1.929701343376477,0.67,0.5,1.0,1.0,1.0,0.0,0.0,0.0,0.2420889740403894,0.016963023584554728,0.9244764002307296,0.03300227449063099,0.0,1.0,0.0,0.40000000000000124,0.0
AMD,2023-12-12,WIN,1,BULL,BOS,0.6778268489105758,0.4444444444444444,2.1351435647098964,0.67,0.5,1.0,1.0,1.0,0.0,0.0,0.0,0.268335300685169,0.016568563331153266,0.9071311378338726,0.034518722684190276,0.0,1.0,0.0,0.4,0.0
AMD,2024-01-16,WIN,1,BULL,BOS,0.6911423914402659,0.4444444444444444,1.9146061656402942,0.69,0.5,1.0,1.0,1.0,0.0,0.0,0.0,0.41392068866702547,0.0143631094872118,1.0694138877216748,0.03614315412444428,0.0,1.0,0.0,0.4,0.0
AMD,2024-01-17,WIN,1,BEAR,BOS,0.668903921250797,0.4444444444444444,1.7147716216708655,0.66,0.5,1.0,1.0,1.0,0.0,0.0,0.0,0.4218266730582606,0.014234875444839866,0.9877689344483579,0.036707917480534064,0.0,1.0,0.0,0.4,0.0
AMD,2024-01-18,WIN,1,BULL,BOS,0.6731707796215995,0.4444444444444444,2.1134664777177616,0.67,0.5,1.0,1.0,1.0,0.0,0.0,0.0,0.43733738482539714,0.014016106227331415,0.8833163715714094,0.039353599311489504,0.0,1.0,0.0,0.4000000000000009,0.0
AMD,2024-01-19,LOSS,0,BULL,BOS,0.6667970292606678,0.4444444444444444,2.103647058831728,0.66,0.5,1.0,1.0,1.0,0.0,0.0,0.0,0.5310558137351602,0.01308615049073065,0.8440978421272098,0.03985442067546183,0.0,1.0,0.0,0.4,0.0
AMD,2024-01-24,LOSS,0,BULL,BOS,0.6338958913230949,0.3333333333333333,1.663459374947063,0.63,0.5,1.0,1.0,1.0,0.0,0.0,0.0,0.5473663764690517,0.012788154130910322,0.7714861505049445,0.04272128875107167,0.0,1.0,0.0,0.4,0.0
AMD,2024-02-29,WIN,1,BULL,BOS,0.5560264750944601,0.2222222222222222,1.6243600179803863,0.55,0.5,1.0,1.0,1.0,0.0,0.0,0.0,0.5710419493299679,0.011842310289305569,0.26538982796960475,0.043768689109674935,0.0,1.0,0.0,0.39999999999999936,0.0
AMD,2024-03-01,WIN,1,BULL,BOS,0.5631202399063366,0.2222222222222222,1.6326229124354037,0.56,0.5,1.0,1.0,1.0,0.0,0.0,0.0,0.6463802663426231,0.011251480457955,0.30992729523044354,0.04290687919463088,0.0,1.0,0.0,0.4,0.0
AMD,2024-03-04,WIN,1,BULL,BOS,0.5570431724040854,0.2222222222222222,1.3524992335361836,0.55,0.5,1.0,1.0,1.0,0.0,0.0,0.0,0.6620459848583515,0.011102454226723808,0.3627880715151749,0.042907263898937065,0.0,1.0,0.0,0.4,0.0
AMD,2024-05-16,WIN,1,BULL,BOS,0.6057838394386329,0.3333333333333333,1.6597579925488464,0.6,0.5,1.0,1.0,1.0,0.0,0.0,0.0,0.23054964258686358,0.014020415693026695,0.5853062654079374,0.03504440676774955,0.0,1.0,0.0,0.40000000000000097,0.0
AMD,2024-07-10,LOSS,0,BULL,BOS,0.5735745974945347,0.2222222222222222,1.8035529671914843,0.57,0.5,1.0,1.0,1.0,0.0,0.0,0.0,0.3602032552108915,0.012393998695368565,0.3226463275664028,0.03693333954586404,0.0,1.0,0.0,0.39999999999999913,0.0
AMD,2024-08-20,LOSS,0,BULL,BOS,0.6390011814240387,0.3333333333333333,1.356857481795018,0.63,0.5,1.0,1.0,1.0,0.0,0.0,0.0,0.14832286200445988,0.014578005115089521,0.9077220488952517,0.0494973054439167,0.0,1.0,0.0,0.39999999999999925,0.0
AMD,2024-10-04,LOSS,0,BULL,BOS,0.548793599187213,0.1111111111111111,1.4020752102777878,0.54,0.5,1.0,1.0,1.0,0.0,0.0,0.0,0.2476748314918636,0.013341135166764195,0.2912655911554907,0.03329812755997657,0.0,1.0,0.0,0.399999999999999,0.0
AMD,2025-03-24,LOSS,0,BULL,BOS,0.6119723244144715,0.3333333333333333,1.5367894633194665,0.61,0.5,1.0,1.0,1.0,0.0,0.0,0.0,-0.1596850652925618,0.02002635046113308,0.6675523416566541,0.03658629776021083,0.0,1.0,0.0,0.4,0.0
AMD,2025-05-13,WIN,1,BULL,BOS,0.5381672957497726,0.1111111111111111,1.4045141313415377,0.53,0.5,1.0,1.0,1.0,0.0,0.0,0.0,-0.15681593989277012,0.020273875155610896,0.21961059455130505,0.037529470795965546,0.0,1.0,0.0,0.39999999999999936,0.0
AMD,2025-05-14,LOSS,0,BULL,BOS,0.6022184026702302,0.3333333333333333,2.1359211935975586,0.6,0.5,1.0,1.0,1.0,0.0,0.0,0.0,-0.11709237093199659,0.019367991845056075,0.40281561993568216,0.039299002475607976,0.0,1.0,0.0,0.4,0.0
AMD,2025-06-09,LOSS,0,BULL,BOS,0.6535986024313525,0.4444444444444444,1.425288058463971,0.65,0.5,1.0,1.0,1.0,0.0,0.0,0.0,-0.0844119571099075,0.018729976176784697,0.982227996721026,0.031536538709790986,0.0,1.0,0.0,0.4000000000000007,0.0
AMD,2025-06-16,WIN,1,BULL,BOS,0.7022471775789727,0.5555555555555556,2.7921412187950896,0.7,0.5,1.0,1.0,1.0,0.0,0.0,0.0,-0.04865813102047285,0.018039401851412305,0.8509341109281217,0.03567845557401694,0.0,1.0,0.0,0.40000000000000063,0.0
AMD,2025-06-24,WIN,1,BULL,BOS,0.5763032454589182,0.2222222222222222,1.7034536920898617,0.57,0.5,1.0,1.0,1.0,0.0,0.0,0.0,0.04218632394643807,0.016470418261937448,0.3742037390295011,0.038128605483947524,0.0,1.0,0.0,0.4,0.0
AMD,2025-06-25,LOSS,0,BULL,BOS,0.5945754957562596,0.2222222222222222,1.537964875250444,0.59,0.5,1.0,1.0,1.0,0.0,0.0,0.0,0.07941291151642654,0.015899581589958165,0.5511816799582487,0.037895497110978275,0.0,1.0,0.0,0.4,0.0
AMD,2025-07-15,LOSS,0,BULL,BOS,0.6499638424326574,0.3333333333333333,1.6557783606694791,0.64,0.5,1.0,1.0,1.0,0.0,0.0,0.0,0.16936612359703415,0.014652014652014657,0.881166162661223,0.03562945826103722,0.0,1.0,0.0,0.4000000000000011,0.0
AMD,2025-07-28,LOSS,0,BULL,BOS,0.6333864042719346,0.3333333333333333,1.3957796933901234,0.63,0.5,1.0,1.0,1.0,0.0,0.0,0.0,0.30100304364459685,0.013129102844638956,0.8573161306828561,0.03490543919974994,0.0,1.0,0.0,0.3999999999999991,0.0
AMD,2025-07-29,LOSS,0,BULL,BOS,0.683344725917634,0.4444444444444444,2.1970765632798903,0.68,0.5,1.0,1.0,1.0,0.0,0.0,0.0,0.3277957085904981,0.012849413886384137,0.9232726516909295,0.03641210711065312,0.0,1.0,0.0,0.4,0.0
AMD,2025-08-13,LOSS,0,BULL,BOS,0.6450019134552768,0.3333333333333333,1.6146894237568885,0.64,0.5,1.0,1.0,1.0,0.0,0.0,0.0,0.3688988835951279,0.012363084264179596,0.8617829484495492,0.04754093916061165,0.0,1.0,0.0,0.39999999999999936,0.0
AMD,2025-10-06,WIN,1,BULL,BOS,0.7730099734196434,0.6666666666666666,5.695664305795923,0.77,0.5,1.0,1.0,1.0,0.0,0.0,0.0,0.4912506764156161,0.01119238132639537,0.3548450541989812,0.04743409749153209,0.0,1.0,0.0,0.4,1.0
AMD,2025-10-08,LOSS,0,BULL,BOS,0.6460473597735149,0.3333333333333333,2.773128288343079,0.64,0.5,1.0,1.0,1.0,0.0,0.0,0.0,0.7158935283425762,0.009679062659195114,0.4826063023757392,0.048657363607694744,0.0,1.0,0.0,0.4,0.0
AMD,2026-01-02,LOSS,0,BULL,BOS,0.5414909575438726,0.1111111111111111,1.3825681751605428,0.54,0.5,1.0,1.0,1.0,0.0,0.0,0.0,0.5487521216162926,0.010202711773392407,0.24908365857230283,0.03444597868681636,0.0,1.0,0.0,0.4,0.0
AMD,2026-01-21,LOSS,0,BEAR,BOS,0.5858419032624675,0.2222222222222222,1.9544462202583683,0.58,0.5,1.0,1.0,1.0,0.0,0.0,0.0,0.7191152169648426,0.009127301841473182,0.3541306149969937,0.04344318311792292,0.0,1.0,0.0,0.4,0.0
AMD,2026-01-23,LOSS,0,BULL,BOS,0.5817858684042749,0.2222222222222222,1.450440745525505,0.58,0.5,1.0,1.0,1.0,0.0,0.0,0.0,0.7840121650597949,0.008780036968576713,0.49509220751999783,0.04339888104040138,0.0,1.0,0.0,0.4,0.0
META,2023-04-27,LOSS,0,BULL,BOS,0.6982002867979714,0.4444444444444444,3.534756229583445,0.69,0.5,1.0,1.0,1.0,0.0,0.0,0.0,0.10038886309154783,0.022245184993828798,0.5764165021253274,0.028597273749765128,0.0,1.0,0.0,0.4,0.0
META,2023-07-05,WIN,1,BULL,BOS,0.6444862307857713,0.3333333333333333,1.5228586253395608,0.64,0.5,1.0,1.0,1.0,0.0,0.0,0.0,0.18996590993130902,0.01802769491803731,0.8889553301252876,0.03032400982067112,0.0,1.0,0.0,0.3999999999999987,0.0
META,2023-07-12,LOSS,0,BULL,BOS,0.5857270073924572,0.2222222222222222,1.4315358698275762,0.58,0.5,1.0,1.0,1.0,0.0,0.0,0.0,0.22534775046816663,0.01715527181177252,0.5276680926738555,0.03013519507483261,0.0,1.0,0.0,0.4,0.0
META,2024-01-10,LOSS,0,BULL,BOS,0.5979187243863787,0.2222222222222222,1.341366007558174,0.59,0.5,1.0,1.0,1.0,0.0,0.0,0.0,0.27909198940190927,0.014324540819641012,0.6390028267231331,0.0224490095467298,0.0,1.0,0.0,0.4,0.0
META,2024-01-19,WIN,1,BULL,BOS,0.611479225052328,0.3333333333333333,1.4362429454993106,0.61,0.5,1.0,1.0,1.0,0.0,0.0,0.0,0.3148150829725089,0.013839645515994271,0.69778051851575,0.02507789536995391,0.0,1.0,0.0,0.3999999999999988,0.0
META,2024-02-02,LOSS,0,BULL,BOS,0.7855143891618721,0.6666666666666666,4.95075970117224,0.78,0.5,1.0,1.0,1.0,0.0,0.0,0.0,0.5903893679988992,0.01117247136974713,0.6865093606884008,0.03427082149343627,0.0,1.0,0.0,0.4,1.0
META,2024-06-05,WIN,1,BULL,BOS,0.5978350916051082,0.2222222222222222,1.3427602201251536,0.59,0.5,1.0,1.0,1.0,0.0,0.0,0.0,0.45454616199289344,0.010708171838727232,0.6379805373256701,0.02088064481249452,0.0,1.0,0.0,0.4000000000000011,0.0
META,2024-07-05,LOSS,0,BULL,BOS,0.593263214846288,0.2222222222222222,1.8356768244482446,0.59,0.5,1.0,1.0,1.0,0.0,0.0,0.0,0.5585472913329523,0.009808912336801217,0.4431958241591723,0.02437005524393255,0.0,1.0,0.0,0.39999999999999825,0.0
META,2024-09-19,WIN,1,BULL,BOS,0.5630585764536618,0.2222222222222222,1.4715599210896395,0.56,0.5,1.0,1.0,1.0,0.0,0.0,0.0,0.5397818984194825,0.009463213150526341,0.36320386932786525,0.027355342832921743,0.0,1.0,0.0,0.4000000000000015,0.0
META,2024-12-06,LOSS,0,BULL,BOS,0.5696058923810059,0.2222222222222222,1.45637562494761,0.56,0.5,1.0,1.0,1.0,0.0,0.0,0.0,0.6324748977540284,0.008482104128370466,0.41191407422416965,0.024279281544396885,0.0,1.0,0.0,0.4000000000000015,0.0
META,2025-01-24,LOSS,0,BULL,BOS,0.5726885948984135,0.2222222222222222,1.7203264867795152,0.57,0.5,1.0,1.0,1.0,0.0,0.0,0.0,0.6471714597010935,0.008164786777445435,0.3444818037295855,0.029616142808207263,0.0,1.0,0.0,0.40000000000000113,0.0
META,2025-01-27,WIN,1,BULL,BOS,0.609268054829219,0.3333333333333333,2.464058863952002,0.6,0.5,1.0,1.0,1.0,0.0,0.0,0.0,0.6748282221586233,0.008011484242231422,0.34043407754412564,0.031848950881045016,0.0,1.0,0.0,0.4,0.0
META,2025-01-28,WIN,1,BULL,BOS,0.5754113606572795,0.2222222222222222,1.648443293003834,0.57,0.5,1.0,1.0,1.0,0.0,0.0,0.0,0.708368443811251,0.007839808464702207,0.38659464004725136,0.030796017258289572,0.0,1.0,0.0,0.4,0.0
META,2025-01-30,WIN,1,BULL,BOS,0.6566482473295239,0.4444444444444444,2.0771855615807695,0.65,0.5,1.0,1.0,1.0,0.0,0.0,0.0,0.7325245089492541,0.007695222464208834,0.7852597950032364,0.03171762517800026,0.0,1.0,0.0,0.4,0.0
META,2025-05-01,WIN,1,BULL,BOS,0.5557424846110363,0.2222222222222222,1.4210502376045184,0.55,0.5,1.0,1.0,1.0,0.0,0.0,0.0,0.35601970099541214,0.009230734738460198,0.33126648487206894,0.039576418623053625,0.0,1.0,0.0,0.4,0.0
META,2025-06-27,LOSS,0,BULL,BOS,0.649670927312377,0.3333333333333333,1.5280935001078089,0.64,0.5,1.0,1.0,1.0,0.0,0.0,0.0,0.691070331319941,0.007194168982702202,0.9217750153799102,0.020040645787143232,0.0,1.0,0.0,0.4,0.0
META,2025-07-31,LOSS,0,BULL,BOS,0.6656290993449389,0.4444444444444444,3.516522027125136,0.66,0.5,1.0,1.0,1.0,0.0,0.0,0.0,0.7494715099831298,0.006823874756648598,0.3653533199245472,0.024787073002603875,0.0,1.0,0.0,0.4,0.0
META,2025-12-04,LOSS,0,BULL,BOS,0.6579943232476366,0.4444444444444444,1.5295429536555603,0.65,0.5,1.0,1.0,1.0,0.0,0.0,0.0,0.40291362017706595,0.007972878295298786,0.9767811704323914,0.026705705890094057,0.0,1.0,0.0,0.3999999999999987,0.0
META,2026-01-29,LOSS,0,BULL,BOS,0.7292600150613565,0.5555555555555556,4.014541891699993,0.72,0.5,1.0,1.0,1.0,0.0,0.0,0.0,0.5358923406401491,0.007137923094635059,0.6235528031757126,0.029202541712056676,0.0,1.0,0.0,0.4,1.0
GOOGL,2023-04-06,LOSS,0,NEUTRAL,BOS,0.5763030452235305,0.2222222222222222,1.6260609044706118,0.57,0.5,1.0,1.0,1.0,0.0,0.0,0.0,0.04224997009820736,0.01283347267260784,0.4,0.026593536021604854,0.0,1.0,0.0,0.399999999999999,0.0
GOOGL,2023-05-10,WIN,1,BULL,BOS,0.597124027140898,0.2222222222222222,2.048193357205474,0.59,0.5,1.0,1.0,1.0,0.0,0.0,0.0,0.05356130846299378,0.012451052925997396,0.3980957285374952,0.027529909594528737,0.0,1.0,0.0,0.4,0.0
GOOGL,2023-05-11,WIN,1,BULL,BOS,0.6151414335457904,0.3333333333333333,2.4074794803566912,0.61,0.5,1.0,1.0,1.0,0.0,0.0,0.0,0.09098573975724118,0.011936229397030087,0.3984497301863729,0.02979757341151768,0.0,1.0,0.0,0.4000000000000008,0.0
GOOGL,2023-07-13,LOSS,0,BULL,BOS,0.5860797035967318,0.2222222222222222,1.5184861312452416,0.58,0.5,1.0,1.0,1.0,0.0,0.0,0.0,0.07820523092834437,0.011172361197579934,0.501035980229798,0.02421985171292769,0.0,1.0,0.0,0.3999999999999991,0.0
GOOGL,2024-03-18,WIN,1,BULL,BOS,0.6199567356935783,0.3333333333333333,1.9566771820325788,0.61,0.5,1.0,1.0,1.0,0.0,0.0,0.0,0.14190400784340307,0.009421763180568742,0.5808191772796626,0.028562426203503476,0.0,1.0,0.0,0.40000000000000135,0.0
GOOGL,2024-04-26,LOSS,0,BEAR,BOS,0.6514962491016769,0.4444444444444444,2.3928150386423126,0.65,0.5,1.0,1.0,1.0,0.0,0.0,0.0,0.30464145100328505,0.00809191951471935,0.6457033144637425,0.02963904259021842,0.0,1.0,0.0,0.4,0.0
GOOGL,2024-10-30,LOSS,0,BULL,BOS,0.6554097084702183,0.4444444444444444,3.2243854127858103,0.65,0.5,1.0,1.0,1.0,0.0,0.0,0.0,0.22819266752013176,0.007955798047255108,0.39460291887285204,0.023177273958152864,0.0,1.0,0.0,0.4,0.0
GOOGL,2024-12-10,WIN,1,BULL,BOS,0.579031742116602,0.2222222222222222,2.0953201916304547,0.57,0.5,1.0,1.0,1.0,0.0,0.0,0.0,0.2866638914094398,0.007487064468507917,0.26177155023386195,0.024031500544904844,0.0,1.0,0.0,0.4,0.0
GOOGL,2024-12-11,LOSS,0,BULL,BOS,0.6083374038236409,0.3333333333333333,2.42237945072857,0.6,0.5,1.0,1.0,1.0,0.0,0.0,0.0,0.3552403925029561,0.007095086498358852,0.3481228752480822,0.025488033247898514,0.0,1.0,0.0,0.4,0.0
GOOGL,2024-12-16,LOSS,0,BULL,BOS,0.577938492505267,0.2222222222222222,1.4754867048287779,0.57,0.5,1.0,1.0,1.0,0.0,0.0,0.0,0.36000899125932867,0.007049628361983068,0.46109438175885353,0.024507529455551232,0.0,1.0,0.0,0.3999999999999988,0.0
GOOGL,2025-01-31,LOSS,0,BULL,BOS,0.5384981565582565,0.1111111111111111,1.3174587752500821,0.53,0.5,1.0,1.0,1.0,0.0,0.0,0.0,0.38281538583041363,0.006795314778184654,0.25083478530501596,0.02516492883173975,0.0,1.0,0.0,0.4,0.0
GOOGL,2025-06-10,LOSS,0,BULL,BOS,0.5689477486212177,0.2222222222222222,1.473818737959743,0.56,0.5,1.0,1.0,1.0,0.0,0.0,0.0,0.1822053109814539,0.007744181622383578,0.40171207815486987,0.027098061942389874,0.0,1.0,0.0,0.4,0.0
GOOGL,2025-08-29,LOSS,0,BULL,BOS,0.6188910465671852,0.3333333333333333,1.375059813011331,0.61,0.5,1.0,1.0,1.0,0.0,0.0,0.0,0.373260306811731,0.0064962208941059295,0.7675870394441243,0.021425693185773625,0.0,1.0,0.0,0.4,0.0
GOOGL,2025-09-03,WIN,1,BULL,BOS,0.7035572119662856,0.5555555555555556,3.4519335850170942,0.7,0.5,1.0,1.0,1.0,0.0,0.0,0.0,0.48254325210097115,0.005996318781687049,0.6397368847695394,0.024647973877403462,0.0,1.0,0.0,0.39999999999999897,0.0
GOOGL,2025-09-04,WIN,1,BULL,BOS,0.6172750126072097,0.3333333333333333,1.541780788102763,0.61,0.5,1.0,1.0,1.0,0.0,0.0,0.0,0.49112333268893127,0.005953986042648641,0.7012398213471439,0.025413905269370096,0.0,1.0,0.0,0.4,0.0
GOOGL,2025-09-05,WIN,1,BULL,BOS,0.6051194469410253,0.3333333333333333,1.3300295445390564,0.6,0.5,1.0,1.0,1.0,0.0,0.0,0.0,0.5065866757396358,0.005885576711881809,0.6907864647604827,0.02476319845147186,0.0,1.0,0.0,0.399999999999999,0.0
GOOGL,2025-09-15,LOSS,0,BULL,BOS,0.6834137826503431,0.4444444444444444,1.5888503600669897,0.68,0.5,1.0,1.0,1.0,0.0,0.0,0.0,0.6043472299949313,0.005492130731814463,1.1264750976466242,0.02552385318795448,0.0,1.0,0.0,0.4,0.0
GOOGL,2025-09-19,LOSS,0,BULL,BOS,0.6677187980351518,0.4444444444444444,1.4138396839815897,0.66,0.5,1.0,1.0,1.0,0.0,0.0,0.0,0.6163135713916774,0.00542507422130527,1.0801787589071492,0.025956144059420184,0.0,1.0,0.0,0.39999999999999913,0.0
GOOGL,2025-10-29,WIN,1,BULL,BOS,0.5631029014846191,0.2222222222222222,1.5241818814213546,0.56,0.5,1.0,1.0,1.0,0.0,0.0,0.0,0.7013424505778726,0.00503286864395188,0.3459587160903419,0.026711637727237794,0.0,1.0,0.0,0.4000000000000015,0.0
GOOGL,2025-10-30,LOSS,0,BULL,BOS,0.6157161512814774,0.3333333333333333,2.5652401666535907,0.61,0.5,1.0,1.0,1.0,0.0,0.0,0.0,0.7392525797383094,0.0049093181348433,0.34969428632531857,0.028379060548612736,0.0,1.0,0.0,0.3999999999999986,0.0
GOOGL,2025-11-24,LOSS,0,BEAR,BOS,0.6298663938190545,0.3333333333333333,2.060145834399206,0.62,0.5,1.0,1.0,1.0,0.0,0.0,0.0,0.9154952974546621,0.004337606609255181,0.6123940139939611,0.037969639088678765,0.0,1.0,0.0,0.4,0.0
GOOGL,2025-11-25,LOSS,0,BULL,BOS,0.6393706479683754,0.3333333333333333,2.021909008266065,0.63,0.5,1.0,1.0,1.0,0.0,0.0,0.0,0.9370170331385006,0.004272429947628663,0.6885013170338135,0.03782447247874005,0.0,1.0,0.0,0.4,0.0
AMZN,2023-04-21,LOSS,0,NEUTRAL,BOS,0.6155021327938651,0.3333333333333333,1.7471599290862712,0.61,0.5,1.0,1.0,1.0,0.0,0.0,0.0,0.04926652181625043,0.01897905759162305,0.6209609089303437,0.026770087616198337,0.0,1.0,0.0,0.40000000000000097,0.0
AMZN,2023-04-27,LOSS,0,BULL,BOS,0.6722878709666649,0.4444444444444444,2.7173665981782884,0.67,0.5,1.0,1.0,1.0,0.0,0.0,0.0,0.06354796045449769,0.018484793298124216,0.6761302737183363,0.03135409891510787,0.0,1.0,0.0,0.39999999999999913,0.0
AMZN,2023-05-26,WIN,1,BULL,BOS,0.6216744729297975,0.3333333333333333,1.4554903737197722,0.62,0.5,1.0,1.0,1.0,0.0,0.0,0.0,0.12046545135056329,0.0169011739239031,0.7593330282920598,0.026347693186008072,0.0,1.0,0.0,0.39999999999999913,0.0
AMZN,2023-06-22,LOSS,0,BULL,BOS,0.6165765664315106,0.3333333333333333,1.4362583728296727,0.61,0.5,1.0,1.0,1.0,0.0,0.0,0.0,0.16153521532186788,0.015597387629658096,0.7317576519335137,0.02691400032929039,0.0,1.0,0.0,0.4,0.0
AMZN,2023-08-04,LOSS,0,BEAR,BOS,0.6122753655312032,0.3333333333333333,2.689460631703076,0.61,0.5,1.0,1.0,1.0,0.0,0.0,0.0,0.18251707538626039,0.014544672923980807,0.2853488929736625,0.030031064801072704,0.0,1.0,0.0,0.4,0.0
AMZN,2023-09-11,LOSS,0,BULL,BOS,0.5733969906032309,0.2222222222222222,1.3289326197348565,0.57,0.5,1.0,1.0,1.0,0.0,0.0,0.0,0.1802229287632624,0.01418588399720476,0.47966906410992066,0.021523609863232516,0.0,1.0,0.0,0.39999999999999813,0.0
AMZN,2023-09-13,LOSS,0,BULL,BOS,0.5784520809078408,0.2222222222222222,1.4001982961106783,0.57,0.5,1.0,1.0,1.0,0.0,0.0,0.0,0.1914449990706189,0.014014497756299628,0.4896144406820458,0.022227624636323277,0.0,1.0,0.0,0.4000000000000018,0.0
AMZN,2024-02-02,LOSS,0,BULL,BOS,0.6036753800962992,0.3333333333333333,2.5105856572204677,0.6,0.5,1.0,1.0,1.0,0.0,0.0,0.0,0.31868777822308725,0.011815377451836338,0.2876406482351723,0.02229618266024759,0.0,1.0,0.0,0.4,0.0
AMZN,2024-06-21,LOSS,0,BULL,BOS,0.5843146203865375,0.2222222222222222,2.1875684953201158,0.58,0.5,1.0,1.0,1.0,0.0,0.0,0.0,0.32883183153269413,0.01073619631901841,0.26624130413687835,0.017226457432983764,0.0,1.0,0.0,0.4,0.0
AMZN,2024-06-26,LOSS,0,BULL,BOS,0.558947974610111,0.2222222222222222,1.74323064496189,0.55,0.5,1.0,1.0,1.0,0.0,0.0,0.0,0.35615183843597187,0.010484995609730907,0.24524294908011013,0.020040471640337353,0.0,1.0,0.0,0.3999999999999985,0.0
AMZN,2024-06-27,LOSS,0,BULL,BOS,0.5758057543160158,0.2222222222222222,1.902479782144378,0.57,0.5,1.0,1.0,1.0,0.0,0.0,0.0,0.3833891630069209,0.010260298205711404,0.3045451013919789,0.020517166684717862,0.0,1.0,0.0,0.4,0.0
AMZN,2024-09-20,LOSS,0,BULL,BOS,0.6678370630274807,0.4444444444444444,3.059911589637522,0.66,0.5,1.0,1.0,1.0,0.0,0.0,0.0,0.29371856646422057,0.010594989561586644,0.5322765569706972,0.024759543692215946,0.0,1.0,0.0,0.4,0.0
AMZN,2024-11-01,WIN,1,BEAR,BOS,0.6250536698297345,0.3333333333333333,3.095347658052318,0.62,0.5,1.0,1.0,1.0,0.0,0.0,0.0,0.31686159597088365,0.01025615116455313,0.23524191284745768,0.024084993973338333,0.0,1.0,0.0,0.4,0.0
AMZN,2024-11-06,LOSS,0,BULL,BOS,0.598593106913332,0.2222222222222222,2.056549096835878,0.59,0.5,1.0,1.0,1.0,0.0,0.0,0.0,0.3744740876139681,0.009802501327925062,0.40510434714358773,0.02547888081786388,0.0,1.0,0.0,0.3999999999999989,0.0
AMZN,2024-11-07,LOSS,0,BULL,BOS,0.5823241384598838,0.2222222222222222,1.4119868078364937,0.58,0.5,1.0,1.0,1.0,0.0,0.0,0.0,0.3926503468518443,0.009664365627231617,0.5114986537870615,0.02535787397558405,0.0,1.0,0.0,0.4000000000000011,0.0
AMZN,2025-01-28,LOSS,0,BULL,BOS,0.5840681485359498,0.2222222222222222,1.3558469887062607,0.58,0.5,1.0,1.0,1.0,0.0,0.0,0.0,0.5179235531308285,0.008524039470921693,0.5418386606709116,0.0227980564470172,0.0,1.0,0.0,0.3999999999999989,0.0
AMZN,2025-05-12,LOSS,0,BULL,BOS,0.5321184170642219,0.1111111111111111,1.5854321926497723,0.53,0.5,1.0,1.0,1.0,0.0,0.0,0.0,0.2826152653033084,0.009729677914110436,0.11897871621155483,0.034080542013584576,0.0,1.0,0.0,0.4000000000000008,0.0
AMZN,2025-06-27,LOSS,0,BULL,BOS,0.669722703918675,0.4444444444444444,3.0604687976639506,0.66,0.5,1.0,1.0,1.0,0.0,0.0,0.0,0.35267197040071063,0.009090909090909096,0.544661760236517,0.021663361269272586,0.0,1.0,0.0,0.4,0.0
AMZN,2025-09-04,LOSS,0,BULL,BOS,0.5427662239409121,0.1111111111111111,1.7112317398388934,0.54,0.5,1.0,1.0,1.0,0.0,0.0,0.0,0.39356324635541,0.008613374066530894,0.14803091299311633,0.020118199010765198,0.0,1.0,0.0,0.4,0.0
AMZN,2025-10-31,WIN,1,BULL,BOS,0.678676914972251,0.4444444444444444,3.5191609387328886,0.67,0.5,1.0,1.0,1.0,0.0,0.0,0.0,0.4123229153367598,0.008312177544836628,0.4514591202373769,0.02791537489617091,0.0,1.0,0.0,0.39999999999999913,0.0
AMZN,2025-11-03,LOSS,0,BULL,BOS,0.6008840581169047,0.3333333333333333,1.7976357841130914,0.6,0.5,1.0,1.0,1.0,0.0,0.0,0.0,0.46668969603149985,0.007992125984251973,0.5066817927416677,0.02878371766029248,0.0,1.0,0.0,0.4,0.0
AMZN,2026-01-06,LOSS,0,BULL,BOS,0.5445763862242362,0.1111111111111111,1.4949532473424378,0.54,0.5,1.0,1.0,1.0,0.0,0.0,0.0,0.36627128108614565,0.00842568380857511,0.23219149238076248,0.019295053097817365,0.0,1.0,0.0,0.4,0.0
QQQ,2024-01-19,WIN,1,BULL,BOS,0.5789878086623718,0.2222222222222222,1.652824473729048,0.57,0.5,1.0,1.0,1.0,0.0,0.0,0.0,0.15458592820104602,0.0084286392255791,0.40897723317279555,0.017506511101854305,0.0,1.0,0.0,0.4,0.0
QQQ,2024-11-06,WIN,1,BULL,BOS,0.5518177867345744,0.2222222222222222,1.5230736424517248,0.55,0.5,1.0,1.0,1.0,0.0,0.0,0.0,0.25503096797837693,0.006991365329303171,0.2710940307465875,0.016900663668262313,0.0,1.0,0.0,0.3999999999999987,0.0
QQQ,2025-05-13,WIN,1,BULL,BOS,0.5217184773863653,0.1111111111111111,1.3068735159185851,0.52,0.5,1.0,1.0,1.0,0.0,0.0,0.0,0.22453972675018424,0.006834409985183497,0.1424986772695743,0.020498169159822277,0.0,1.0,0.0,0.4,0.0
